-- phpMyAdmin SQL Dump
-- version 5.1.1
-- https://www.phpmyadmin.net/
--
-- 主機： 172.18.103.56
-- 產生時間： 2022-03-25 09:19:31
-- 伺服器版本： 8.0.28
-- PHP 版本： 7.4.27

SET SQL_MODE = "NO_AUTO_VALUE_ON_ZERO";
START TRANSACTION;
SET time_zone = "+00:00";


/*!40101 SET @OLD_CHARACTER_SET_CLIENT=@@CHARACTER_SET_CLIENT */;
/*!40101 SET @OLD_CHARACTER_SET_RESULTS=@@CHARACTER_SET_RESULTS */;
/*!40101 SET @OLD_COLLATION_CONNECTION=@@COLLATION_CONNECTION */;
/*!40101 SET NAMES utf8mb4 */;

--
-- 資料庫: `team2`
--

-- --------------------------------------------------------

--
-- 資料表結構 `activity`
--

CREATE TABLE `activity` (
  `Activity_id` int NOT NULL,
  `Activity_Name` varchar(255) NOT NULL,
  `Activity_Img` varchar(255) DEFAULT NULL,
  `Activity_Star_Time` datetime NOT NULL,
  `Activity_End_Time` datetime NOT NULL,
  `Activity_Place` varchar(255) NOT NULL,
  `Activity_Links` varchar(255) NOT NULL,
  `Activity_Introduction` varchar(255) DEFAULT NULL,
  `Activity_Text` varchar(255) DEFAULT NULL,
  `fk_Activity_Types_id` int DEFAULT NULL,
  `fk_Activity_Organizers_id` int DEFAULT NULL
) ENGINE=InnoDB DEFAULT CHARSET=utf8mb3;

--
-- 傾印資料表的資料 `activity`
--

INSERT INTO `activity` (`Activity_id`, `Activity_Name`, `Activity_Img`, `Activity_Star_Time`, `Activity_End_Time`, `Activity_Place`, `Activity_Links`, `Activity_Introduction`, `Activity_Text`, `fk_Activity_Types_id`, `fk_Activity_Organizers_id`) VALUES
(3, '596784', '', '2022-03-23 10:45:00', '2022-03-24 10:45:00', 'c5', 'c5', 'c5', 'c5', NULL, NULL),
(4, '44444444', '', '2022-03-17 13:12:00', '2022-03-24 13:12:00', '444444', '44444', '44444', '4444444', 10, 3);

-- --------------------------------------------------------

--
-- 資料表結構 `activity_activity_tag`
--

CREATE TABLE `activity_activity_tag` (
  `fk_Activity_id` int DEFAULT NULL,
  `fk_Activity_Tag_id` int DEFAULT NULL
) ENGINE=InnoDB DEFAULT CHARSET=utf8mb3;

-- --------------------------------------------------------

--
-- 資料表結構 `activity_guest`
--

CREATE TABLE `activity_guest` (
  `Activity_Guest_id` int NOT NULL,
  `Activity_Guest_Name` varchar(255) NOT NULL,
  `Activity_Guest_Job_Title` varchar(255) DEFAULT NULL,
  `Activity_Guest_Img` varchar(255) DEFAULT NULL,
  `Activity_Guest_Company_name` varchar(255) DEFAULT NULL,
  `Activity_Guest_Profiles` varchar(255) DEFAULT NULL,
  `Activity_Guest_URL` varchar(255) DEFAULT NULL,
  `fk_Activity_id` int DEFAULT NULL
) ENGINE=InnoDB DEFAULT CHARSET=utf8mb3;

--
-- 傾印資料表的資料 `activity_guest`
--

INSERT INTO `activity_guest` (`Activity_Guest_id`, `Activity_Guest_Name`, `Activity_Guest_Job_Title`, `Activity_Guest_Img`, `Activity_Guest_Company_name`, `Activity_Guest_Profiles`, `Activity_Guest_URL`, `fk_Activity_id`) VALUES
(4, 'C2', 'C2', '', 'C2', 'C22', 'C22', NULL),
(5, '88888888888', '888888', '', '888888', '888888', '88888', NULL),
(6, '黃大雄A', '藝術家A', '', 'AA公司', 'fbA', '嘉賓介紹A', NULL),
(8, '紗夜', '藝術家ccc', '0c8a93431baa666952805b0098c2e6e94a4e08c3.jpg', 'c公司', '紗夜FB', '紗夜紗夜紗夜', NULL);

-- --------------------------------------------------------

--
-- 資料表結構 `activity_guest_activity`
--

CREATE TABLE `activity_guest_activity` (
  `fk_Activity_id` int DEFAULT NULL,
  `fk_Activity_Guest_id` int DEFAULT NULL
) ENGINE=InnoDB DEFAULT CHARSET=utf8mb3;

-- --------------------------------------------------------

--
-- 資料表結構 `activity_like`
--

CREATE TABLE `activity_like` (
  `fk_Activity_id` int DEFAULT NULL,
  `fk_id` int DEFAULT NULL
) ENGINE=InnoDB DEFAULT CHARSET=utf8mb3;

-- --------------------------------------------------------

--
-- 資料表結構 `activity_organizers`
--

CREATE TABLE `activity_organizers` (
  `Activity_Organizers_id` int NOT NULL,
  `Activity_Organizers_Name` varchar(255) NOT NULL,
  `Activity_Organizers_Img` varchar(255) NOT NULL
) ENGINE=InnoDB DEFAULT CHARSET=utf8mb3;

--
-- 傾印資料表的資料 `activity_organizers`
--

INSERT INTO `activity_organizers` (`Activity_Organizers_id`, `Activity_Organizers_Name`, `Activity_Organizers_Img`) VALUES
(3, 'AAA主辦單位', ''),
(4, '主辦單位AAAA', 'de1268ff55bd0b952128ffa5696f4f3075d09852.jpg');

-- --------------------------------------------------------

--
-- 資料表結構 `activity_tag`
--

CREATE TABLE `activity_tag` (
  `Activity_Tag_id` int NOT NULL,
  `Activity_Tag_name` varchar(255) NOT NULL
) ENGINE=InnoDB DEFAULT CHARSET=utf8mb3;

-- --------------------------------------------------------

--
-- 資料表結構 `activity_ticket`
--

CREATE TABLE `activity_ticket` (
  `Activity_ticket_id` int NOT NULL,
  `ticket_price` int NOT NULL,
  `ticket_name` varchar(255) NOT NULL,
  `Activity_ticket_description` varchar(255) DEFAULT NULL,
  `Activity_ticket_Star_Time` datetime NOT NULL,
  `Activit_ticket_End_Time` datetime NOT NULL,
  `Valid_start_time` datetime NOT NULL,
  `Valid_End_time` datetime NOT NULL,
  `fk_Activity_id` int DEFAULT NULL
) ENGINE=InnoDB DEFAULT CHARSET=utf8mb3;

--
-- 傾印資料表的資料 `activity_ticket`
--

INSERT INTO `activity_ticket` (`Activity_ticket_id`, `ticket_price`, `ticket_name`, `Activity_ticket_description`, `Activity_ticket_Star_Time`, `Activit_ticket_End_Time`, `Valid_start_time`, `Valid_End_time`, `fk_Activity_id`) VALUES
(4, 100, 'A1', 'A1A1A1', '2022-03-21 10:13:00', '2022-03-22 10:14:00', '2022-03-23 10:14:00', '2022-03-24 10:14:00', NULL),
(6, 333333333, '333333', '3333333333', '2022-03-23 12:03:00', '2022-03-24 12:03:00', '2022-03-25 12:03:00', '2022-03-26 12:03:00', 4),
(7, 200, 'b23', 'b2', '2022-03-25 11:40:00', '2022-03-16 11:40:00', '2022-03-14 11:40:00', '2022-03-31 11:40:00', NULL),
(8, 200, '雙人套餐', '限定雙人', '2022-03-22 13:00:00', '2022-03-23 13:00:00', '2022-03-23 13:00:00', '2022-03-24 13:00:00', NULL),
(9, 300, '三人成行', '限定三人', '2022-03-22 13:01:00', '2022-03-23 13:01:00', '2022-03-24 13:01:00', '2022-03-26 13:01:00', NULL),
(10, 3000, '三人成行', '限定三人', '2022-03-23 13:11:00', '2022-03-24 13:11:00', '2022-03-25 13:11:00', '2022-03-26 13:11:00', NULL),
(11, 3000, '三人成行', '限定三人', '2022-03-23 13:22:00', '2022-03-24 13:22:00', '2022-03-26 13:23:00', '2022-03-27 13:23:00', NULL),
(12, 3000, 'CHUNG HSIEN', 'dddd', '2022-04-22 13:27:00', '2022-03-24 13:27:00', '2022-03-17 13:27:00', '2022-03-30 13:27:00', 4),
(13, 1000, 'AAAA', '票券說明', '2022-03-22 14:06:00', '2022-03-23 14:06:00', '2022-03-24 14:06:00', '2022-03-29 14:06:00', 3);

-- --------------------------------------------------------

--
-- 資料表結構 `activity_types`
--

CREATE TABLE `activity_types` (
  `Activity_Types_id` int NOT NULL,
  `Activity_Types_Name` varchar(255) NOT NULL
) ENGINE=InnoDB DEFAULT CHARSET=utf8mb3;

--
-- 傾印資料表的資料 `activity_types`
--

INSERT INTO `activity_types` (`Activity_Types_id`, `Activity_Types_Name`) VALUES
(10, 'B類型'),
(11, 'B類型');

-- --------------------------------------------------------

--
-- 資料表結構 `activity_view`
--

CREATE TABLE `activity_view` (
  `fk_Activity_id` int DEFAULT NULL
) ENGINE=InnoDB DEFAULT CHARSET=utf8mb3;

-- --------------------------------------------------------

--
-- 資料表結構 `blog_article`
--

CREATE TABLE `blog_article` (
  `article_id` int NOT NULL,
  `title` varchar(255) CHARACTER SET utf8 COLLATE utf8_general_ci NOT NULL,
  `created_time` datetime NOT NULL,
  `content` text NOT NULL,
  `visible` tinyint(1) NOT NULL,
  `category` int DEFAULT NULL,
  `users_id` int NOT NULL
) ENGINE=InnoDB DEFAULT CHARSET=utf8mb3;

--
-- 傾印資料表的資料 `blog_article`
--

INSERT INTO `blog_article` (`article_id`, `title`, `created_time`, `content`, `visible`, `category`, `users_id`) VALUES
(12, '高雄一日遊', '2022-03-15 11:25:43', '沒想到高美館外面就這麼巧遇到老豬的同學，他說今天裡面還有一場某某某（靠..我又忘了名字）兩夫妻的開幕展馬上要開始了，所以笨蛋老豬又臨時改說要先去捧這一場等一下再去捧另一場醬子。奇怪他們這些人又不是政客，可是不知道為什麼老是勤跑這種攤，感覺他們的人生如果拿掉這種活動生活可能會頓時失去重心人生沒有活下去的力量吧。\r\n\r\n\r\n\r\n\r\n \r\n\r\n\r\n但鄉下肥羊沒什麼藝文氣息，每次在這種美術館裡逛來逛去後會感覺頭昏腦鈍空氣稀薄呼吸困難，最後我只好先退出館內到外面大廳等。老豬他趕完兩場後準備要離開時，又遇上老豬在高美館工作的學生，她緊張的說剛剛某某某那場開幕展還有茶會正要開始硬拉著我們去參加。可是這時候已經快關館了，學生帶領我們利用特殊管道，在樓梯間上上下下轉來轉去，最後竟跑進了一處進不可攻退不可守，就算我想逃出去也出不去的地方，這裡是館長室的外廊。\r\n\r\n\r\n\r\n \r\n\r\n靠~~沒看過開幕茶會竟然是選擇這種沒門牌沒人找的到好神秘的地方舉行，遇到幾位在地的長輩問說：你們怎麼如何進來的？\r\n\r\n他們說：這裡通常都是要有人帶領才有辦法進來啦。\r\n\r\n我：為什麼要這樣？為什麼會把茶會地點離展覽廳這麼遠，而且沒人帶領根本不知道怎麼進來啊？\r\n\r\n他們說：因為每次辦茶會都會有莫名奇妙先知先覺的『食客』進來，每次像黃蜂過境般，搞得真正來參與的大家都很不舒服，所以只好改在這個秘密基地，只有內行人才能進來地場所。\r\n\r\n不過這裡也未免太神祕了，因我看到很多貴賓在這裡上上下下兜圈圈還是繞不出去的窘狀。\r\n\r\n看來高美館館長室外面也是高雄景點之ㄧ，只能推薦給喜好藝文知道門路人士們。\r\n\r\n\r\n在這種地方開茶會很怪異\r\n\r\n\r\n\r\n \r\n\r\n從茶會結束後，我們的高雄一日遊當然還沒結束。\r\n\r\n\r\n\r\n \r\n\r\n\r\n\r\n這個時間適合去西子灣賞落日了，因聽說西子灣的夕陽可是台灣十大美景之ㄧ，但因時間緊迫只好搭計程車過去，計畫回程時才搭捷運回左營的高鐵站。\r\n\r\n \r\n\r\n搭乘這輛計程車司機有南部人的熱情是高雄的好導遊者，知道我們來一日遊一路開一路幫我們介紹高雄的景點，說高雄好玩的地方很多耶。\r\n\r\n這時正沿著愛河開，他說這裡是愛河的上游，最近整條河都整頓完成了，未來不只下遊那裡可以搭遊船，上游這裡可以有帆船的活動，整條愛河通通可以從上游到下游……云云。\r\n\r\n \r\n\r\n我們順口問說：那新崛江那裏你覺得怎樣？\r\n\r\n司機笑說：那裡適合十幾歲的孩子去，我們這種年紀去只會被當成怪伯伯，所以如果你們想去只能去舊崛江（自嘲的笑哈哈）。\r\n\r\n \r\n\r\n而我們想去的是「西子灣英國領事館」，司機說那裡雖然是二級古蹟但未整頓之前只能說那是可怕的廢墟，是在2004年由高雄市政府委外重新打造出今日的模樣成為一處非常熱門的觀光區。\r\n\r\n司機說：不過你們要有心理準備那裡陸客超多的喔。\r\n\r\n我心想觀網上寫說這裡是年輕戀人談情說愛的好去處，如果陸客很多不是變得很阿雜嗎？\r\n\r\n', 1, 2, 1),
(34, '好便宜的杯子', '2022-03-16 09:57:24', '<p><span style=\"font-size: 18pt;\"><em>請輸入內</em></span>文<strong>ooo</strong></p>', 1, 1, 2),
(50, '奇美博物館新館－令人嘆為觀止典藏寶物的神殿', '2022-03-18 12:06:56', '<p><span style=\"color: #000000; font-family: monospace; white-space: pre; font-size: 10pt;\">最近實在太忙啦! 看我發文的龜速就知道.... </span></p>\r\n<p><span style=\"color: #000000; font-family: monospace; white-space: pre; font-size: 10pt;\">工作和家庭兩頭燒，過年前和家人到台南台中的小旅行，現在才有時間開始爬格子，</span></p>\r\n<p><span style=\"color: #000000; font-family: monospace; white-space: pre; font-size: 10pt;\">第一篇先來分享很喜歡也收穫很多的奇美博物館新館， 裡面珍藏很多許文龍先生的奇珍逸品，數量之多及罕見真是令我嘆為觀止!</span></p>\r\n<p><span style=\"font-size: 10pt;\"><span style=\"font-family: monospace;\"><span style=\"white-space: pre;\">園區幅員廣大，博物館迎賓的第一道門面就是這磅礡的「阿波羅噴泉」!</span></span></span></p>\r\n<p><span style=\"font-size: 10pt;\"><span style=\"font-family: monospace;\"><span style=\"white-space: pre;\"><img src=\"Blog_images/60e7ee3bb6c2e.jpg\" alt=\"\" width=\"800\" height=\"518\" /></span></span></span></p>\r\n<p><span style=\"font-size: 10pt;\"><span style=\"font-family: monospace; font-size: medium; white-space: pre;\">這座群雕呈現太陽神阿波羅駕著戰車從海面躍出之情景!</span></span></p>\r\n<p><span style=\"font-family: monospace;\"><span style=\"white-space: pre;\">走過阿波羅噴泉廣場，前面就是一條筆直的奧林帕斯橋，</span></span><span style=\"font-family: monospace;\"><span style=\"white-space: pre;\">奧林帕斯的十二位神祇分列兩旁，</span></span><span style=\"font-family: monospace;\"><span style=\"white-space: pre;\">潔白優雅的雕塑，還未進入館內，就被這些古歐洲神話所吸引!</span></span></p>\r\n<p><span style=\"font-family: monospace;\"><span style=\"white-space: pre;\">博物館外觀好像美國國會山莊，仿巴洛克風格的建築，</span></span><span style=\"font-family: monospace;\"><span style=\"white-space: pre;\">讓我感覺來到歐洲一般，</span></span></p>\r\n<p><span style=\"font-family: monospace;\"><span style=\"white-space: pre;\">從這裡開始進入館內就不可以拍照攝影囉， 而且都有流量動線管制，</span></span><span style=\"font-family: monospace;\"><span style=\"white-space: pre;\">因為參觀人數眾多，有管制才不致於混亂擁擠。</span></span></p>\r\n<p> </p>\r\n<p><span style=\"color: #e03e2d; font-size: 12pt;\"><span style=\"font-family: monospace;\"><span style=\"white-space: pre;\">關於奇美博物館</span></span></span></p>\r\n<p><span style=\"font-family: monospace; white-space: pre;\">奇美博物館始於1992年，由實業家許文龍先生創辦，是臺灣館藏最豐最富盛名的私人博物館。</span></p>\r\n<p><span style=\"font-family: monospace; white-space: pre;\">博物館提供「個人 / 團體語音導覽機」、「人員定時導覽」及「導覽App」三種導覽服務。</span></p>\r\n<p> </p>', 1, 4, 1),
(56, '其中專題好刺激', '2022-03-21 14:19:05', '<p><span style=\"font-size: 36pt;\">啊<strong>啊啊啊</strong></span></p>', 1, NULL, 2);

-- --------------------------------------------------------

--
-- 資料表結構 `blog_article_like`
--

CREATE TABLE `blog_article_like` (
  `user_id` int NOT NULL,
  `article_id` int NOT NULL
) ENGINE=InnoDB DEFAULT CHARSET=utf8mb3;

-- --------------------------------------------------------

--
-- 資料表結構 `blog_category`
--

CREATE TABLE `blog_category` (
  `sn` int NOT NULL COMMENT '系統分類編號',
  `thema` varchar(10) CHARACTER SET utf8 COLLATE utf8_general_ci NOT NULL,
  `squence` int NOT NULL
) ENGINE=InnoDB DEFAULT CHARSET=utf8mb3;

--
-- 傾印資料表的資料 `blog_category`
--

INSERT INTO `blog_category` (`sn`, `thema`, `squence`) VALUES
(1, '觀展心得', 1),
(2, '周邊美食', 2),
(3, '北部記趣', 3),
(4, '南部展館', 4);

-- --------------------------------------------------------

--
-- 資料表結構 `blog_comment`
--

CREATE TABLE `blog_comment` (
  `blog_comment_id` int NOT NULL,
  `Blog_comment_content` varchar(255) CHARACTER SET utf8 COLLATE utf8_general_ci NOT NULL,
  `COMMENT_time` datetime NOT NULL,
  `user_id` int NOT NULL,
  `article_id` int NOT NULL
) ENGINE=InnoDB DEFAULT CHARSET=utf8mb3;

--
-- 傾印資料表的資料 `blog_comment`
--

INSERT INTO `blog_comment` (`blog_comment_id`, `Blog_comment_content`, `COMMENT_time`, `user_id`, `article_id`) VALUES
(1, '好美唷～～有空也想去玩！', '2022-03-18 14:32:31', 5, 50),
(3, '好羨慕唷~~~~~~~~~~我要穿著我的mini skirt去', '2022-03-21 09:36:22', 8, 50);

-- --------------------------------------------------------

--
-- 資料表結構 `blog_comment_like`
--

CREATE TABLE `blog_comment_like` (
  `user_id` int NOT NULL,
  `article_id` int NOT NULL
) ENGINE=InnoDB DEFAULT CHARSET=utf8mb3;

-- --------------------------------------------------------

--
-- 資料表結構 `blog_images`
--

CREATE TABLE `blog_images` (
  `id` int NOT NULL,
  `url` varchar(255) NOT NULL,
  `article_id` int NOT NULL
) ENGINE=InnoDB DEFAULT CHARSET=utf8mb3;

-- --------------------------------------------------------

--
-- 資料表結構 `board_articles`
--

CREATE TABLE `board_articles` (
  `board_aid` int NOT NULL,
  `title` varchar(50) NOT NULL,
  `content` varchar(10000) NOT NULL,
  `created_at` timestamp NOT NULL DEFAULT CURRENT_TIMESTAMP,
  `updated_at` timestamp NOT NULL DEFAULT CURRENT_TIMESTAMP ON UPDATE CURRENT_TIMESTAMP,
  `user_id` int DEFAULT NULL
) ENGINE=InnoDB DEFAULT CHARSET=utf8mb3;

--
-- 傾印資料表的資料 `board_articles`
--

INSERT INTO `board_articles` (`board_aid`, `title`, `content`, `created_at`, `updated_at`, `user_id`) VALUES
(1, '12', '123', '2022-03-21 01:10:20', '2022-03-21 01:10:20', 1),
(2, 'wfeafr', 'aergvaetgvsaa', '2022-03-21 02:02:49', '2022-03-21 02:02:49', 3),
(3, '這是文章標題0', '這是內文這是內文這是內文這是內文這是內文這是內文0', '2022-03-21 03:51:14', '2022-03-21 03:51:14', 3),
(4, '這是文章標題1', '這是內文這是內文這是內文這是內文這是內文這是內文1', '2022-03-21 03:51:14', '2022-03-21 03:51:14', 1),
(5, '這是文章標題2', '這是內文這是內文這是內文這是內文這是內文這是內文2', '2022-03-21 03:51:14', '2022-03-21 03:51:14', 3),
(6, '這是文章標題3', '這是內文這是內文這是內文這是內文這是內文這是內文3', '2022-03-21 03:51:14', '2022-03-21 03:51:14', 1),
(7, '這是文章標題4', '這是內文這是內文這是內文這是內文這是內文這是內文4', '2022-03-21 03:51:14', '2022-03-21 03:51:14', 3),
(8, '這是文章標題5', '這是內文這是內文這是內文這是內文這是內文這是內文5', '2022-03-21 03:51:14', '2022-03-21 03:51:14', 2),
(9, '這是文章標題6', '這是內文這是內文這是內文這是內文這是內文這是內文6', '2022-03-21 03:51:14', '2022-03-21 03:51:14', 2),
(10, '這是文章標題7', '這是內文這是內文這是內文這是內文這是內文這是內文7', '2022-03-21 03:51:14', '2022-03-21 03:51:14', 1),
(11, '這是文章標題8', '這是內文這是內文這是內文這是內文這是內文這是內文8', '2022-03-21 03:51:14', '2022-03-21 03:51:14', 3),
(12, '這是文章標題9', '這是內文這是內文這是內文這是內文這是內文這是內文9', '2022-03-21 03:51:14', '2022-03-21 03:51:14', 3),
(13, '這是文章標題10', '這是內文這是內文這是內文這是內文這是內文這是內文10', '2022-03-21 03:51:14', '2022-03-21 03:51:14', 2),
(14, '這是文章標題11', '這是內文這是內文這是內文這是內文這是內文這是內文11', '2022-03-21 03:51:14', '2022-03-21 03:51:14', 3),
(15, '這是文章標題12', '這是內文這是內文這是內文這是內文這是內文這是內文12', '2022-03-21 03:51:14', '2022-03-21 03:51:14', 2),
(16, '這是文章標題13', '這是內文這是內文這是內文這是內文這是內文這是內文13', '2022-03-21 03:51:14', '2022-03-21 03:51:14', 1),
(17, '這是文章標題14', '這是內文這是內文這是內文這是內文這是內文這是內文14', '2022-03-21 03:51:14', '2022-03-21 03:51:14', 1),
(18, '這是文章標題15', '這是內文這是內文這是內文這是內文這是內文這是內文15', '2022-03-21 03:51:14', '2022-03-21 03:51:14', 1),
(19, '這是文章標題16', '這是內文這是內文這是內文這是內文這是內文這是內文16', '2022-03-21 03:51:14', '2022-03-21 03:51:14', 1),
(20, '這是文章標題17', '這是內文這是內文這是內文這是內文這是內文這是內文17', '2022-03-21 03:51:14', '2022-03-21 03:51:14', 1),
(21, '這是文章標題18', '這是內文這是內文這是內文這是內文這是內文這是內文18', '2022-03-21 03:51:14', '2022-03-21 03:51:14', 3),
(22, '這是文章標題19', '這是內文這是內文這是內文這是內文這是內文這是內文19', '2022-03-21 03:51:14', '2022-03-21 03:51:14', 1),
(23, '這是文章標題20', '這是內文這是內文這是內文這是內文這是內文這是內文20', '2022-03-21 03:51:14', '2022-03-21 03:51:14', 2),
(24, '這是文章標題21', '這是內文這是內文這是內文這是內文這是內文這是內文21', '2022-03-21 03:51:14', '2022-03-21 03:51:14', 3),
(25, '這是文章標題22', '這是內文這是內文這是內文這是內文這是內文這是內文22', '2022-03-21 03:51:14', '2022-03-21 03:51:14', 3),
(26, '這是文章標題23', '這是內文這是內文這是內文這是內文這是內文這是內文23', '2022-03-21 03:51:14', '2022-03-21 03:51:14', 1),
(27, '這是文章標題24', '這是內文這是內文這是內文這是內文這是內文這是內文24', '2022-03-21 03:51:14', '2022-03-21 03:51:14', 3),
(28, '這是文章標題25', '這是內文這是內文這是內文這是內文這是內文這是內文25', '2022-03-21 03:51:14', '2022-03-21 03:51:14', 1),
(29, '這是文章標題26', '這是內文這是內文這是內文這是內文這是內文這是內文26', '2022-03-21 03:51:14', '2022-03-21 03:51:14', 1),
(30, '這是文章標題27', '這是內文這是內文這是內文這是內文這是內文這是內文27', '2022-03-21 03:51:14', '2022-03-21 03:51:14', 1),
(31, '這是文章標題28', '這是內文這是內文這是內文這是內文這是內文這是內文28', '2022-03-21 03:51:14', '2022-03-21 03:51:14', 1),
(32, '這是文章標題29', '這是內文這是內文這是內文這是內文這是內文這是內文29', '2022-03-21 03:51:14', '2022-03-21 03:51:14', 1),
(33, '這是文章標題30', '這是內文這是內文這是內文這是內文這是內文這是內文30', '2022-03-21 03:51:14', '2022-03-21 03:51:14', 2),
(34, '這是文章標題31', '這是內文這是內文這是內文這是內文這是內文這是內文31', '2022-03-21 03:51:14', '2022-03-21 03:51:14', 3),
(35, '這是文章標題32', '這是內文這是內文這是內文這是內文這是內文這是內文32', '2022-03-21 03:51:14', '2022-03-21 03:51:14', 3),
(36, '這是文章標題33', '這是內文這是內文這是內文這是內文這是內文這是內文33', '2022-03-21 03:51:14', '2022-03-21 03:51:14', 2),
(37, '這是文章標題34', '這是內文這是內文這是內文這是內文這是內文這是內文34', '2022-03-21 03:51:14', '2022-03-21 03:51:14', 2),
(38, '這是文章標題35', '這是內文這是內文這是內文這是內文這是內文這是內文35', '2022-03-21 03:51:14', '2022-03-21 03:51:14', 3),
(39, '這是文章標題36', '這是內文這是內文這是內文這是內文這是內文這是內文36', '2022-03-21 03:51:14', '2022-03-21 03:51:14', 2),
(40, '這是文章標題37', '這是內文這是內文這是內文這是內文這是內文這是內文37', '2022-03-21 03:51:14', '2022-03-21 03:51:14', 1),
(41, '這是文章標題38', '這是內文這是內文這是內文這是內文這是內文這是內文38', '2022-03-21 03:51:14', '2022-03-21 03:51:14', 3),
(42, '這是文章標題39', '這是內文這是內文這是內文這是內文這是內文這是內文39', '2022-03-21 03:51:14', '2022-03-21 03:51:14', 2),
(43, '這是文章標題40', '這是內文這是內文這是內文這是內文這是內文這是內文40', '2022-03-21 03:51:14', '2022-03-21 03:51:14', 2),
(44, '這是文章標題41', '這是內文這是內文這是內文這是內文這是內文這是內文41', '2022-03-21 03:51:14', '2022-03-21 03:51:14', 3),
(45, '這是文章標題42', '這是內文這是內文這是內文這是內文這是內文這是內文42', '2022-03-21 03:51:14', '2022-03-21 03:51:14', 3),
(46, '這是文章標題43', '這是內文這是內文這是內文這是內文這是內文這是內文43', '2022-03-21 03:51:14', '2022-03-21 03:51:14', 1),
(47, '這是文章標題44', '這是內文這是內文這是內文這是內文這是內文這是內文44', '2022-03-21 03:51:14', '2022-03-21 03:51:14', 2),
(48, '這是文章標題45', '這是內文這是內文這是內文這是內文這是內文這是內文45', '2022-03-21 03:51:14', '2022-03-21 03:51:14', 1),
(49, '這是文章標題46', '這是內文這是內文這是內文這是內文這是內文這是內文46', '2022-03-21 03:51:14', '2022-03-21 03:51:14', 1),
(50, '這是文章標題47', '這是內文這是內文這是內文這是內文這是內文這是內文47', '2022-03-21 03:51:14', '2022-03-21 03:51:14', 1),
(51, '這是文章標題48', '這是內文這是內文這是內文這是內文這是內文這是內文48', '2022-03-21 03:51:14', '2022-03-21 03:51:14', 2),
(52, '這是文章標題49', '這是內文這是內文這是內文這是內文這是內文這是內文49', '2022-03-21 03:51:14', '2022-03-21 03:51:14', 3),
(53, '這是文章標題50', '這是內文這是內文這是內文這是內文這是內文這是內文50', '2022-03-21 03:51:14', '2022-03-21 03:51:14', 3),
(54, '這是文章標題51', '這是內文這是內文這是內文這是內文這是內文這是內文51', '2022-03-21 03:51:14', '2022-03-21 03:51:14', 3),
(55, '這是文章標題52', '這是內文這是內文這是內文這是內文這是內文這是內文52', '2022-03-21 03:51:14', '2022-03-21 03:51:14', 2),
(56, '這是文章標題53', '這是內文這是內文這是內文這是內文這是內文這是內文53', '2022-03-21 03:51:14', '2022-03-21 03:51:14', 1),
(57, '這是文章標題54', '這是內文這是內文這是內文這是內文這是內文這是內文54', '2022-03-21 03:51:14', '2022-03-21 03:51:14', 1),
(58, '這是文章標題55', '這是內文這是內文這是內文這是內文這是內文這是內文55', '2022-03-21 03:51:14', '2022-03-21 03:51:14', 1),
(59, '這是文章標題56', '這是內文這是內文這是內文這是內文這是內文這是內文56', '2022-03-21 03:51:14', '2022-03-21 03:51:14', 2),
(60, '這是文章標題57', '這是內文這是內文這是內文這是內文這是內文這是內文57', '2022-03-21 03:51:14', '2022-03-21 03:51:14', 2),
(61, '這是文章標題58', '這是內文這是內文這是內文這是內文這是內文這是內文58', '2022-03-21 03:51:14', '2022-03-21 03:51:14', 3),
(62, '這是文章標題59', '這是內文這是內文這是內文這是內文這是內文這是內文59', '2022-03-21 03:51:14', '2022-03-21 03:51:14', 2),
(63, '這是文章標題60', '這是內文這是內文這是內文這是內文這是內文這是內文60', '2022-03-21 03:51:14', '2022-03-21 03:51:14', 1),
(64, '這是文章標題61', '這是內文這是內文這是內文這是內文這是內文這是內文61', '2022-03-21 03:51:14', '2022-03-21 03:51:14', 1),
(65, '這是文章標題62', '這是內文這是內文這是內文這是內文這是內文這是內文62', '2022-03-21 03:51:14', '2022-03-21 03:51:14', 3),
(66, '這是文章標題63', '這是內文這是內文這是內文這是內文這是內文這是內文63', '2022-03-21 03:51:14', '2022-03-21 03:51:14', 1),
(67, '這是文章標題64', '這是內文這是內文這是內文這是內文這是內文這是內文64', '2022-03-21 03:51:14', '2022-03-21 03:51:14', 1),
(68, '這是文章標題65', '這是內文這是內文這是內文這是內文這是內文這是內文65', '2022-03-21 03:51:14', '2022-03-21 03:51:14', 3),
(69, '這是文章標題66', '這是內文這是內文這是內文這是內文這是內文這是內文66', '2022-03-21 03:51:14', '2022-03-21 03:51:14', 3),
(70, '這是文章標題67', '這是內文這是內文這是內文這是內文這是內文這是內文67', '2022-03-21 03:51:14', '2022-03-21 03:51:14', 2),
(71, '這是文章標題68', '這是內文這是內文這是內文這是內文這是內文這是內文68', '2022-03-21 03:51:14', '2022-03-21 03:51:14', 1),
(72, '這是文章標題69', '這是內文這是內文這是內文這是內文這是內文這是內文69', '2022-03-21 03:51:14', '2022-03-21 03:51:14', 2),
(73, '這是文章標題70', '這是內文這是內文這是內文這是內文這是內文這是內文70', '2022-03-21 03:51:14', '2022-03-21 03:51:14', 3),
(74, '這是文章標題71', '這是內文這是內文這是內文這是內文這是內文這是內文71', '2022-03-21 03:51:14', '2022-03-21 03:51:14', 1),
(75, '這是文章標題72', '這是內文這是內文這是內文這是內文這是內文這是內文72', '2022-03-21 03:51:14', '2022-03-21 03:51:14', 2),
(76, '這是文章標題73', '這是內文這是內文這是內文這是內文這是內文這是內文73', '2022-03-21 03:51:14', '2022-03-21 03:51:14', 1),
(77, '這是文章標題74', '這是內文這是內文這是內文這是內文這是內文這是內文74', '2022-03-21 03:51:14', '2022-03-21 03:51:14', 2),
(78, '這是文章標題75', '這是內文這是內文這是內文這是內文這是內文這是內文75', '2022-03-21 03:51:14', '2022-03-21 03:51:14', 3),
(79, '這是文章標題76', '這是內文這是內文這是內文這是內文這是內文這是內文76', '2022-03-21 03:51:14', '2022-03-21 03:51:14', 3),
(80, '這是文章標題77', '這是內文這是內文這是內文這是內文這是內文這是內文77', '2022-03-21 03:51:14', '2022-03-21 03:51:14', 3),
(81, '這是文章標題78', '這是內文這是內文這是內文這是內文這是內文這是內文78', '2022-03-21 03:51:14', '2022-03-21 03:51:14', 1),
(82, '這是文章標題79', '這是內文這是內文這是內文這是內文這是內文這是內文79', '2022-03-21 03:51:14', '2022-03-21 03:51:14', 3),
(83, '這是文章標題80', '這是內文這是內文這是內文這是內文這是內文這是內文80', '2022-03-21 03:51:14', '2022-03-21 03:51:14', 2),
(84, '這是文章標題81', '這是內文這是內文這是內文這是內文這是內文這是內文81', '2022-03-21 03:51:14', '2022-03-21 03:51:14', 2),
(85, '這是文章標題82', '這是內文這是內文這是內文這是內文這是內文這是內文82', '2022-03-21 03:51:14', '2022-03-21 03:51:14', 3),
(86, '這是文章標題83', '這是內文這是內文這是內文這是內文這是內文這是內文83', '2022-03-21 03:51:14', '2022-03-21 03:51:14', 3),
(87, '這是文章標題84', '這是內文這是內文這是內文這是內文這是內文這是內文84', '2022-03-21 03:51:14', '2022-03-21 03:51:14', 3),
(88, '這是文章標題85', '這是內文這是內文這是內文這是內文這是內文這是內文85', '2022-03-21 03:51:14', '2022-03-21 03:51:14', 2),
(89, '這是文章標題86', '這是內文這是內文這是內文這是內文這是內文這是內文86', '2022-03-21 03:51:14', '2022-03-21 03:51:14', 2),
(90, '這是文章標題87', '這是內文這是內文這是內文這是內文這是內文這是內文87', '2022-03-21 03:51:14', '2022-03-21 03:51:14', 3),
(91, '這是文章標題88', '這是內文這是內文這是內文這是內文這是內文這是內文88', '2022-03-21 03:51:14', '2022-03-21 03:51:14', 1),
(92, '這是文章標題89', '這是內文這是內文這是內文這是內文這是內文這是內文89', '2022-03-21 03:51:15', '2022-03-21 03:51:15', 2),
(93, '這是文章標題90', '這是內文這是內文這是內文這是內文這是內文這是內文90', '2022-03-21 03:51:15', '2022-03-21 03:51:15', 1),
(94, '這是文章標題91', '這是內文這是內文這是內文這是內文這是內文這是內文91', '2022-03-21 03:51:15', '2022-03-21 03:51:15', 1),
(95, '這是文章標題92', '這是內文這是內文這是內文這是內文這是內文這是內文92', '2022-03-21 03:51:15', '2022-03-21 03:51:15', 3),
(96, '這是文章標題93', '這是內文這是內文這是內文這是內文這是內文這是內文93', '2022-03-21 03:51:15', '2022-03-21 03:51:15', 1),
(97, '這是文章標題94', '這是內文這是內文這是內文這是內文這是內文這是內文94', '2022-03-21 03:51:15', '2022-03-21 03:51:15', 2),
(98, '這是文章標題95', '這是內文這是內文這是內文這是內文這是內文這是內文95', '2022-03-21 03:51:15', '2022-03-21 03:51:15', 2),
(99, '這是文章標題96', '這是內文這是內文這是內文這是內文這是內文這是內文96', '2022-03-21 03:51:15', '2022-03-21 03:51:15', 2),
(100, '這是文章標題97', '這是內文這是內文這是內文這是內文這是內文這是內文97', '2022-03-21 03:51:15', '2022-03-21 03:51:15', 2),
(101, '這是文章標題98', '這是內文這是內文這是內文這是內文這是內文這是內文98', '2022-03-21 03:51:15', '2022-03-21 03:51:15', 1),
(102, '這是文章標題99', '這是內文這是內文這是內文這是內文這是內文這是內文99', '2022-03-21 03:51:15', '2022-03-21 03:51:15', 2),
(103, 'thft', 'dyjntyghj', '2022-03-21 04:28:34', '2022-03-21 04:28:34', 3),
(104, 'tgd5rtsynrtyuh', 'yesrtb5t4w5y', '2022-03-21 06:20:32', '2022-03-21 06:20:32', 3);

-- --------------------------------------------------------

--
-- 資料表結構 `board_article_tag`
--

CREATE TABLE `board_article_tag` (
  `article_id` int DEFAULT NULL,
  `tag_id` int DEFAULT NULL
) ENGINE=InnoDB DEFAULT CHARSET=utf8mb3;

-- --------------------------------------------------------

--
-- 資料表結構 `board_comments`
--

CREATE TABLE `board_comments` (
  `board_cid` int NOT NULL,
  `content` varchar(500) DEFAULT NULL,
  `parentid` int NOT NULL,
  `created_at` timestamp NOT NULL DEFAULT CURRENT_TIMESTAMP,
  `updated_at` timestamp NOT NULL DEFAULT CURRENT_TIMESTAMP ON UPDATE CURRENT_TIMESTAMP,
  `user_id` int DEFAULT NULL,
  `board_article_id` int DEFAULT NULL
) ENGINE=InnoDB DEFAULT CHARSET=utf8mb3;

--
-- 傾印資料表的資料 `board_comments`
--

INSERT INTO `board_comments` (`board_cid`, `content`, `parentid`, `created_at`, `updated_at`, `user_id`, `board_article_id`) VALUES
(1, '123ee', 0, '2022-03-21 01:10:43', '2022-03-21 01:10:52', 1, 1),
(2, 'ghgjfkdls', 0, '2022-03-21 01:43:30', '2022-03-21 01:43:30', 3, 1),
(3, 'tsegsdztg', 0, '2022-03-21 01:53:44', '2022-03-21 01:53:44', 3, 1),
(4, 'dthyjetynj', 0, '2022-03-21 02:00:11', '2022-03-21 02:00:11', 3, 1),
(5, 'rsthtfhjdtyjdtjy', 2, '2022-03-21 02:00:29', '2022-03-21 02:00:29', 3, 1),
(6, 'jjjjjj', 0, '2022-03-21 03:32:51', '2022-03-21 03:32:51', 2, 2),
(7, 'hfcrtdgf', 4, '2022-03-21 03:33:03', '2022-03-21 03:33:03', 3, 1),
(8, '48148148', 6, '2022-03-21 03:33:14', '2022-03-21 03:33:14', 2, 2),
(9, 'rthrthdryyhyjd', 0, '2022-03-21 04:28:01', '2022-03-21 04:28:01', 3, 102),
(10, 'drthdtyjtfyjdt7', 9, '2022-03-21 04:28:16', '2022-03-21 04:28:16', 3, 102),
(11, 'rutyhjdryujdty', 0, '2022-03-21 06:21:08', '2022-03-21 06:21:08', 1, 104),
(12, 'wt4baewt3', 11, '2022-03-21 06:21:47', '2022-03-21 06:21:47', 3, 104);

-- --------------------------------------------------------

--
-- 資料表結構 `board_likes_article`
--

CREATE TABLE `board_likes_article` (
  `user_id` int DEFAULT NULL,
  `article_id` int DEFAULT NULL
) ENGINE=InnoDB DEFAULT CHARSET=utf8mb3;

-- --------------------------------------------------------

--
-- 資料表結構 `board_likes_comment`
--

CREATE TABLE `board_likes_comment` (
  `user_id` int DEFAULT NULL,
  `comment_id` int DEFAULT NULL
) ENGINE=InnoDB DEFAULT CHARSET=utf8mb3;

-- --------------------------------------------------------

--
-- 資料表結構 `board_photos`
--

CREATE TABLE `board_photos` (
  `board_pid` int NOT NULL,
  `img` varchar(255) CHARACTER SET utf8 COLLATE utf8_general_ci NOT NULL,
  `board_article_id` int DEFAULT NULL
) ENGINE=InnoDB DEFAULT CHARSET=utf8mb3;

--
-- 傾印資料表的資料 `board_photos`
--

INSERT INTO `board_photos` (`board_pid`, `img`, `board_article_id`) VALUES
(3, '965cfc40385814d6e768dc84c815a2041feb9883.jpg', 1),
(4, '49a241478dc8255b083a8537a5f2705a244ee7ee.jpg', 2),
(5, '6ae1c82d113faaf3d55523546c5ece3eca3e4e1b.jpg', 103),
(8, '0229268716270cd6bb07d8daa3c30369deb9f2a7.jpg', 104);

-- --------------------------------------------------------

--
-- 資料表結構 `board_tags`
--

CREATE TABLE `board_tags` (
  `board_tid` int NOT NULL,
  `name` varchar(30) DEFAULT NULL
) ENGINE=InnoDB DEFAULT CHARSET=utf8mb3;

-- --------------------------------------------------------

--
-- 資料表結構 `daily_quote`
--

CREATE TABLE `daily_quote` (
  `id` int NOT NULL,
  `content` int NOT NULL,
  `flag` tinyint(1) NOT NULL
) ENGINE=InnoDB DEFAULT CHARSET=utf8mb3;

-- --------------------------------------------------------

--
-- 資料表結構 `museum_bookings`
--

CREATE TABLE `museum_bookings` (
  `Book_id` int NOT NULL,
  `Users_id` int NOT NULL,
  `Ticket_date` timestamp NULL DEFAULT NULL
) ENGINE=InnoDB DEFAULT CHARSET=utf8mb3;

-- --------------------------------------------------------

--
-- 資料表結構 `museum_bookings_details`
--

CREATE TABLE `museum_bookings_details` (
  `Booking_detail_id` int NOT NULL,
  `Book_id` int NOT NULL,
  `museum_ticket_id` int NOT NULL,
  `amount` int NOT NULL
) ENGINE=InnoDB DEFAULT CHARSET=utf8mb3;

-- --------------------------------------------------------

--
-- 資料表結構 `museum_city`
--

CREATE TABLE `museum_city` (
  `Museum_city_id` int NOT NULL,
  `Museum_city` varchar(5) NOT NULL
) ENGINE=InnoDB DEFAULT CHARSET=utf8mb3;

--
-- 傾印資料表的資料 `museum_city`
--

INSERT INTO `museum_city` (`Museum_city_id`, `Museum_city`) VALUES
(1, '基隆市'),
(2, '台北市'),
(3, '新北市'),
(4, '桃園縣'),
(5, '新竹市'),
(6, '新竹縣'),
(7, '苗栗縣'),
(8, '台中市'),
(9, '彰化縣'),
(10, '南投縣'),
(11, '雲林縣'),
(12, '嘉義市'),
(13, '嘉義縣'),
(14, '台南市'),
(15, '高雄市'),
(16, '屏東縣'),
(17, '台東縣'),
(18, '花蓮縣'),
(19, '宜蘭縣'),
(20, '澎湖縣'),
(21, '金門縣'),
(22, '連江縣');

-- --------------------------------------------------------

--
-- 資料表結構 `museum_direction`
--

CREATE TABLE `museum_direction` (
  `Museum_direction_id` int NOT NULL,
  `Museum_direction` varchar(5) NOT NULL
) ENGINE=InnoDB DEFAULT CHARSET=utf8mb3;

--
-- 傾印資料表的資料 `museum_direction`
--

INSERT INTO `museum_direction` (`Museum_direction_id`, `Museum_direction`) VALUES
(1, '北部'),
(2, '中部'),
(3, '南部'),
(4, '東部'),
(5, '離島');

-- --------------------------------------------------------

--
-- 資料表結構 `museum_images`
--

CREATE TABLE `museum_images` (
  `image_id` int NOT NULL,
  `Museum_id` int NOT NULL,
  `image_url` varchar(255) NOT NULL
) ENGINE=InnoDB DEFAULT CHARSET=utf8mb3;

--
-- 傾印資料表的資料 `museum_images`
--

INSERT INTO `museum_images` (`image_id`, `Museum_id`, `image_url`) VALUES
(4, 120, ''),
(6, 1, '87fb4d0e1537b6b0dcfb8a82fbd2ef3db87ca97e.png'),
(7, 1, '481632028306f0117bdd31faad01ef477b23ed52.png'),
(8, 1, 'f9f8b48a64858611921d6a885357d6a0608a75e5.png'),
(11, 1, '08f694a9dde015e49b5308a5cba3071ae1561311.jpg'),
(12, 1, 'd47be6d80d113a873b8146f4062001ddadb0565c.jpg'),
(13, 1, '6ab4ee7838071b2ee4b4060d7dc5b3452b883c8f.jpg'),
(14, 1, '626f205ddfda1a439895140194b55d3701780989.jpg'),
(15, 1, '7f95175f9a7a678efa68405fe712b47735539645.jpg'),
(20, 120, 'e764b531ded7125379f6bfe1af2faf0ea4801846.png'),
(21, 125, 'cd5570aac3a84baac9517014649e71cb29738db0.jpg'),
(22, 125, ''),
(26, 126, '1da4a3ec1f296fb4f3843cad7920c66f0a8889e1.jpg'),
(27, 126, '0fe580647c1e3dd110e08ce3885f0b28ce2aef6a.jpg'),
(28, 126, '59844ef570737759308e0461462ed770df44e87d.jpg'),
(29, 126, 'f450cfac529b5b95846be1e520839385ba27c01d.jpg'),
(30, 126, 'df33a66244e431f8072eff87ab5a776d17e4b97c.jpg'),
(31, 126, '820ea16812124f758196f13ba8dd1832c108993e.jpg'),
(32, 126, '9a5ee77d31b632216a6cc18420ed8d9597e2206b.jpg'),
(33, 126, 'cb48ea370ed79197bc4e6cd92943cea71ea397ee.jpg'),
(34, 126, 'af298e3dedbb3e882e177a104194b3eb1245b645.jpg'),
(35, 126, '502da0576ce3cf85d058723871c1111080775ad8.jpg'),
(36, 126, 'ff2b45df423ff4ddbd3229c58d6c987e28dd23f6.jpg'),
(37, 126, 'ad74a39b325dc835e9115b7556a981bbe6a654f3.jpg'),
(38, 126, 'e394067632a4d3a64b0217a4f8b39d98a37ef92f.jpg'),
(39, 126, '5ae98bd07cc5cde1f47ebc0a4113a797bf9a24f9.jpg'),
(40, 126, '7f651f57b870a25dbc12ddc93f3e9c9e44691eb1.jpg'),
(41, 126, 'cb5288c630d252409b43e692d8f4aedb6e5bee04.jpg'),
(42, 126, 'ac03aa57b5069e2d146b46bc9d621b73e17a2469.jpg'),
(43, 126, '62ea67bce65ad89ebe94838a64db6d8bc852768c.jpg'),
(44, 126, 'b3c4a89ea1a94e3e177984318a35ff5b38db78dc.jpg'),
(45, 126, 'e381430bbf1d0cc45287af0f0f00f62d7bcc5889.jpg'),
(46, 126, 'da98e5b4f5e4ee2868c8f988dba01fd71ea50f79.jpg'),
(47, 126, 'ee4fdc588ba0fa3cc62587d6176122d407226b58.jpg'),
(48, 126, 'f829ef4e3da947849663d7e34cd23fc5bcd2f01f.jpg'),
(49, 126, '81e93bf5ecb7bc339d57e324a241a662a35bad20.jpg'),
(50, 126, '683808979f0622d8d6f244e1fa4b1dd59cf7b72e.jpg'),
(51, 126, 'f9ef8c67974aa6fa52a3bc3edf5c4ef07d014910.jpg'),
(52, 126, '7f3cdf1cbd9f236976f3ff0c906b9e16495530bf.jpg'),
(53, 126, '2c34f029217798e5cba368f3852747efb4e7f725.jpg'),
(54, 126, '509b1461758c7988e08285b05121754756832086.jpg'),
(55, 126, 'ab3af0b0cc966aa8213aefce1e10b718f60713b3.jpg');

-- --------------------------------------------------------

--
-- 資料表結構 `museum_kind`
--

CREATE TABLE `museum_kind` (
  `Museum_kind_id` int NOT NULL,
  `Museum_kind` varchar(20) DEFAULT NULL
) ENGINE=InnoDB DEFAULT CHARSET=utf8mb3;

--
-- 傾印資料表的資料 `museum_kind`
--

INSERT INTO `museum_kind` (`Museum_kind_id`, `Museum_kind`) VALUES
(1, '古典美術'),
(2, '現代美術'),
(3, '歷史'),
(4, '科技'),
(5, '其他');

-- --------------------------------------------------------

--
-- 資料表結構 `museum_likes`
--

CREATE TABLE `museum_likes` (
  `Museum_id` int NOT NULL,
  `Users_id` int NOT NULL,
  `Museum_likes_id` int NOT NULL,
  `Created_at` timestamp NULL DEFAULT CURRENT_TIMESTAMP,
  `Users_feedback` varchar(500) NOT NULL,
  `Users_score` int NOT NULL
) ENGINE=InnoDB DEFAULT CHARSET=utf8mb3;

-- --------------------------------------------------------

--
-- 資料表結構 `museum_location`
--

CREATE TABLE `museum_location` (
  `Museum_location_id` int NOT NULL,
  `Museum_direction_id` int NOT NULL,
  `Museum_city_id` int NOT NULL
) ENGINE=InnoDB DEFAULT CHARSET=utf8mb3;

--
-- 傾印資料表的資料 `museum_location`
--

INSERT INTO `museum_location` (`Museum_location_id`, `Museum_direction_id`, `Museum_city_id`) VALUES
(1, 1, 1),
(2, 1, 2),
(3, 1, 3),
(4, 1, 4),
(5, 1, 5),
(6, 1, 6),
(7, 2, 7),
(8, 2, 8),
(9, 2, 9),
(10, 2, 10),
(11, 2, 11),
(12, 3, 12),
(13, 3, 13),
(14, 3, 14),
(15, 3, 15),
(16, 3, 16),
(17, 4, 17),
(18, 4, 18),
(19, 4, 19),
(20, 5, 20),
(21, 5, 21),
(22, 5, 22);

-- --------------------------------------------------------

--
-- 資料表結構 `museum_museum`
--

CREATE TABLE `museum_museum` (
  `Museum_id` int NOT NULL,
  `Museum_name` varchar(20) NOT NULL,
  `Museum_location_id` int NOT NULL,
  `Museum_kind_id` int NOT NULL,
  `Museum_features` varchar(500) CHARACTER SET utf8 COLLATE utf8_general_ci NOT NULL,
  `Museum_introduce` varchar(5000) NOT NULL,
  `Museum_booking_notice` varchar(5000) NOT NULL,
  `Museum_more_information` varchar(5000) NOT NULL
) ENGINE=InnoDB DEFAULT CHARSET=utf8mb3;

--
-- 傾印資料表的資料 `museum_museum`
--

INSERT INTO `museum_museum` (`Museum_id`, `Museum_name`, `Museum_location_id`, `Museum_kind_id`, `Museum_features`, `Museum_introduce`, `Museum_booking_notice`, `Museum_more_information`) VALUES
(1, '奇美博物館', 14, 2, '2', '2', '2', '2'),
(5, '高雄美術館', 15, 2, '1', '1', '1', '1'),
(6, '帶前美術館', 8, 1, '<p>爭會全因標級習能法常法電見體今。不公克比制明八重信這下走權期音。123</p>', '<p>始不段品百消議最觀眼並數受率會寫資也心。權他法西時深他年當正很究產是則交圖但議示龍。利引團聽團酸聯志才得養前毛幾查四嚴。收和到林總統半造進細候。價線作華元說單壓組濟做從使能滿置取是部。反長流兩觀去線交的支增因文置例馬心先科及級。容歷斷層文位位開華三。五特內利濟也式採存於林層頭識以至把。示成處教光構族用更光造路支龍土會。證面圖物團真般金技任是劃觀過思極。</p>', '<p>道最提總子整低壓為接階動形角包它年它見律治運列條細如任。除礦才員史聯即持治眼成他點對場北計花快記什型。萬非院戰通記看組再油共為月性身建打。近公節事利約形他每程明造國邊。小外片群精達便信組。識共日提身子體因使回嚴過的叫電而眼結壓。通毛類得相壓整使再習成外真更選該且。山院點記根不市照律引鐵教部。也帶族別適則價何變酸候再果立與馬斷她積。導氣半定土委自際長易看規調我九幹線合。越實團格量性可等商圓路片將聲部產被電向用回。習西特包卻算名我發心特辦接構很電近表京。</p>', '<p>和稱示各關王組參工響委裡你指王解包完。階整頭無到再道應並家次國手準縣外展。間況加應整出次便集外。土驗在委切難的導性使採數九音動率必了心同轉技廣稱。根給五持專也力水社此及帶行麼拉屬精結活天容。情受的卻知支先件存感指質飛社。上向理合步然五般解極傳路時術屬象器意列歷例合日被。包通集育全隊除軍節度張月無應。毛門中爭根月什老現空先除效正。四議特無特我求邊活半總布花無地。任受步化兩很論眾化證制感使打品。海頭場品爭想加中取間張入。經把戰說聽代部包來面。</p>'),
(7, '好才美術館', 5, 5, '<p>對下術快酸況狀市查引作除快積使角具頭至123</p>', '<p>土心她要美礦寫度一被採話幹。寫生維素標治較車己利問完火其活。嚴知等做然大農查務歷應任。克三但眾感平清期戰標龍張據水廣十。提子切消觀支標其裡江社提生。嚴際廠保外便織都區熱土變國精。先應作場整美速二可已易增。體線傳場熱正上重大義保沒工加程還張技還。親先例滿備了習按要記統管。具油至備意斯能始四容越非。軍部算面節話格廠他工明志無。馬議酸有過就率運許定便個觀連只好革。青被通學委樣北因六眼。九確階更酸門爭動定著被系民情比。第七所保類辦群南後接金片溫龍能它細情記表通入。456</p>', '<p>團鐵節美來文溫帶酸節海千標況在老京帶紅老。青門越整識開性花鐵。四現領效卻八點情包權間歷。情增來第置據時類象志點黨得子主美。教論準術解員持據樣器三也省種並斯即。你林住高多我复積來局也。平器或長定聯目因單者天。能幹況權元金樣小北位最收按節需車事裝克教子指。形觀著海兒斯機名樣提類說週先包龍。存適幹團鬥辦片照記次使兩類化學熱過群構不省又。少想適來辦研看越京府直做真無養快往調造將導省戰用直。經金設示空滿理龍你表住管變活三指術國在入十。789</p>', '<p>權白共她層小織辦光過成處你打更速領局。積卻二般聽門口基間壓級家裡置這備因第。平共壓安領的中養即是滿集間系。在六今調當低使其調確質無米取。萬系提全然連江被親何形。受則價候聲結始人因去任專週流要十為小。至屬活而看影國條土設質用開別適傳兒情從且。間養路造社別基線。把近組每務連況省。海展度維計受階階東具酸單條養展象華型界指光方复。場然起天嚴影響合水長族與少運題理也。更裡縣車通米近更況級社其造千養究油打。麼選成張要話歷習青們什查安別並單道。安眼高府口各。知溫濟圓布解了安家最除區力據人他中院。101112</p>'),
(8, '美點美術館', 7, 3, '活維起特再解我無金究務需紅看油布不資響水。半系群圖手收特區口價參增進縣這指提原。', '聽響況深每次定見明是。山濟劃價技氣眾部親出又話頭素質廠確所而五運統重。色便各系商北個花親己育據特。動式受低過打二出只事等當還知際。持被須米算律上傳容老作出半。點往始勞土教切集建。步處證即術話目法劃西特已個京經近民勞二。驗業該響名率收轉回員委連加。會資加格王基省。從理作週求造員只中質過動米的長。見持放京聯空光斷產別參基族內也著。事聽之放起世號的認又型文。', '己構布聽今子傳構展作必廠同影候。業學便對及上量共清樣。般溫心置技立作式縣想。容圖切真千打在加位生鬥全式。此較容平你至派意次方幾金太參交象書好用。聯市保日議單對或技多內對。五圓速百上支線毛素林取展。土命道下濟的你斷究圓歷件土極麼立手南打爭驗直。馬時運西義論速導飛理證元七系領歷設。影花稱構集增求兩者只次情。土華被書學身員圖千從照隊精量無始鬥層幾運。金劃廠如幾組己派運樣。老叫分聲例律勞記提林連都引政關。階示日住便東需物構世白四角。號自打節提口派內照專不幹權週治百入。', '了織經主點日志那門將黨紅兒任下平道委直與。並能意复麼件山類縣門權部計親者情。飛須知龍多信看行過親備。線如形經圓期壓約廠目政力般件山理鬥打兩從先油轉。直交使院許議。專工行量深節縣專者低類市需些任須叫快題。導政許油越精料光層。拉門年人外狀六別住條照入。我文門氣滿法步府不低選類文近候。收因二查世熱民題形委數號世題麼保放律火證知。單至高消細紅展幾備約我示門八反北。子數土隊越子完合查再都次兩張以幹。辦步效採委結問場再斯也得八治。'),
(9, '事先美術館', 22, 5, '完感南勞選我九政油其方。除山單九的適今型京清六科已派查自。', '花放對聯規世原黨基由收能方。幹龍音器濟全接五治少加劃府置果民。立問價改手間支價農般始先沒切它江同度美民線已適下色。工她長來濟統發毛院能意書。生響了原利面者論溫你五。必強圖或律候來有克象保將。毛屬七百間有以適般因熱維西。百般每越階引同而眾路子道老按界表適器。究布兒際把政群氣次海斷改按革商集京數機領些。界因是間工業律數眼火廠南我思應越支引至。長非低量風法濟少全一黨向方連節。效心傳真得器連用打求們自線山。', '整眾任己準個兒北按政四歷必根列給加麼。性列思團理化行局志清作式就國點她物比般完接國期。隊數想子表見細主以求族與建國體。到達眾例山運消心二。快一全程重能命選導新值養置片界之產少。變對話三東劃何中率書設回音。階認如名值記根別美中面目動米後同直才。西今連放布使什資。走你進日二料樣則驗局光小商相造都更將列具速。許接者商史白王例管下事石也由調情幾法南規那共重組關把。土用越一場所世期位國格最聽層格世力家與真響大易到導。', '論什系按前查備劃問我參反別公連該寫比做習驗叫。識組改次設路積認律地系廣聲親。口米證元展週改小消更問太受她。備裝當持在化新們作構看須心何林民後易。容場別採段八全人帶兩價引上究天爭。走行改率運親群之道合道示聲者山大其。稱他據質從花非用那南保家聲革萬劃造。力族持型王身火結以地利區色社解市。從報工國期千得體領任制。著習史約每光做品把通基它則體般圓它色花進千專。世給滿產性聯府位地成法稱兩就。很東复將列張就統影見起五六觀處建黨。民資技員層京油查且人三整學單看老。動生中道石何派基即話統示。'),
(10, '礦越美術館', 8, 1, '派知育較表經料象制屬比收經又分些。將規美那華由月志聽發物工真角戰的。影去標廣海口角用日便識回階。', '重究選南科那數識度特著層己再再或。裝利總問定美期其示二稱單話。行對線物七歷小使段精裡公常號消本。六力走保技省始據被電感調黨林引料眾。調才育題因即規派信容用今動礦合電。變道接應縣戰備資了東運道被。上易造或必給眾務觀角或就壓格規。達著卻門紅結光相發象世般天身節變眾。史委單教萬和地面外性八山因示近生員心集認。回究論五支米九戰受整聯完層聲片已量花許色再。張取支安話成大細地做總多根。集東不況克容兒整切看而易變京什。', '眼新專些主子長許它體自土。便高毛別報八造接資親精高裝規。結格分深給元領個取馬體計。所國際見路斷即更平電南層極金列張響置邊。步隊門而從物戰階條通龍標始被並林身音新物驗才滿近往。往需利米手代將子件運更過準人次同品聲那與。類酸必系名農六值料酸工。體安術議江多全京王。便學求積會重廠拉比低並張界。育將被精生再究別。少壓情該毛構革保證歷是精社強二半他具千線何品五。影年如水張力花離百半至鐵只。器山法體方律問計自們而整。', '間但酸然至裡劃平去將驗小最已何人本生邊政或。這器收世根與到真消水學素向然京認他經。志達水王馬家二時且拉確才石影候狀明聯。完委子卻線此農造始候太鬥。聽心週萬素式京直效文義子際起外。從相已三段持建就全非驗長指開條叫角直些空品分律。相大幾加質給每正物我麼約。感生至織稱也廣市連自革風完表單要明。東兩二你代關各龍一同認家議其別。調飛下滿米常角取處也引。起值科命頭場但書世之民林所值邊與已科需還山府做。聯很術始四馬作熱公算除青驗消別特為要品與。'),
(11, '方不美術館', 17, 1, '上今適世形提命等鬥馬活按比精斯元多將間光組東。存廣己區千家提界兒按度交很比最必上權或樣極需今。', '風方包正又院例連導至命層感真意更間。眾馬報線什兩合根細半較物治等認織程增。過資心列手質道為須鐵建具受新習。族些道持列支成就決真聲習布下電。新且調局外必任確門幹第影資話。科和商江廣調指元命術算理適委記很說酸。流改高你構與關口委志當口。即己交性以細技高任力保本音段區都則需給。出華示狀形地件教來想大山。設產報查嚴來參幾軍準表山近造。被即沒手有步山技響邊一與目。口這叫工所風向兩以住引直質定明受所期好龍人。際那目料到與立些連也南民此正七物正組。', '路海便該線人共況選但其學立是老劃積制根。於開軍鐵土什能受以感叫能院各馬需五長百些。關標論聯連並政中住又溫度。勞傳證歷後張反報中產比我認設問能元。書達示細機支應則高細作細五。代過程西六化第觀情性火除走習結學起同資記圓院。派切加世題必很嚴同名是線八合主離電示處改話實。正但第被少題樣交林權聲規話工勞。市影先統一管派研沒按正。規向清說門住使到無只實她開活。次量出須收認歷青意由。就利切溫量保資志軍細馬上達千有積世個品。公且上離海兒北政數須熱。', '族米好驗格清年離照從。了石能位清度或重種了家化。本較放向廣變卻動裡給至式才群部領非。這越華集標參各出日按每。容置些命六開勞九細歷省布單主音。期屬們的元子形發政商成要也便運部斯了層音道史滿向今。號想人現下石性容很常安應根質。又也高際活過寫屬起例身什。三子金題影往月府切黨片置此信農。又美級清條用受鐵包北傳十一度式管溫場設。長於提育際技少術化整金毛平油做飛。結華然嚴養因員海該路。工已期名按每果程氣廣條的革力。斯你算方情飛系區別當律。識達一六歷且最認開質節。'),
(12, '條線美術館', 18, 3, '名主每值始到回鬥中石必張已。作往片設集非且一事向打要。力目起家起論西且況此面會體查議習則。', '為卻難工等斯場三員六教那頭。主一合叫種氣教歷值口八門張率民統。省世例育指第而易按圓美利據型派入等表己次展技文。熱才委單提種酸天員隊。容動五較極群眾知提相市親道身間別觀。系利件老除具王還分運。樣通增麼價爭電成只比花院被。二聲增至美定素了交他華收手六鐵方此拉應已群算。面第行都受光調除組節很們義必五真空好體性。術將應越氣級驗定團是習派領近往轉沒老定林值立。不老自外斷利造見按集何精道前高。', '派況業容該集屬由文心去。中生快口現戰思音深總織多料除設紅。級專界都斷育道性查共流還話難變眼少家連現多。山件別識寫放單四得屬標各機已候等。中些斯所化第場海兒員體七無除四量。說風對做他積受同它精圖寫具改。聽型級研克今了何別兩。何照格轉國造內強能收們證具真海制金月革難。質西實狀進看通值記型何革好何候重決。計車與什京記帶金是農候帶勞細。放至住放位林世構達響進廠爭勞加資需作具信。次法商需術件參置列然當產。導我影然期提火壓。深始想屬爭節始叫集收。體新產因水切工加千那西接。沒濟角族料統給保元原革上率受備土。', '農年就進義區何八月鬥連。共如兩四江革具越色。場圖類國了工養聯越例利米精你照及各響步道毛導京對。技素世放邊了革志白水劃給著滿明反濟二族。使改照近文家條有向叫對數結器火根屬火法。容律定樣主各分車幾華。素狀該東想如學長方。邊果聯改習花週政照還片來質。頭開持價頭的毛鬥什王觀深低。農親產合效爭意按機區道員嚴裡很回過花。第線命志上號勞更解多員觀風太元兒滿花。己技通复眾話近看據說全確及社見紅記較展於。'),
(14, '始型美術館', 1, 2, '著百老流快速合。米團萬世義支狀起聲須必具速廠義值。備置府決維三率調轉科多強心年。', '往深發們族是示始改果。程週許意規三己家實出引代型。精因商除好化卻太始連完程九確易們政比從那。在運增音團結小工實教步形類目。去裝可公去整每他樣歷電西總權用原始積。兩隊華物心組火千群米段所用局路少頭。油間萬日過米傳毛決利之日算張並天人那確學。們接馬情熱整更權屬件使勞住狀布系達。術連至公際產或意民了天引的圓點認斷階日京。觀種卻王還很解性位說何情有其必定。改調兒件主文決強。東包向就活圓工產之打樣程。放身總報道礦鬥革。四學己委完會認裡更家議越把區經期為。廠志什主包受特影深才消名就傳展國將細。', '提收結山命量毛持點小不些做其求華稱。員幹礦將包不準組新在關作狀道每技期。支機織非命切果拉傳心期從已油复義圖性。克回層生織部數治收總老縣反來志看不華委律放美條。引組單得價象難管制每黨自特三格集裝量育組。幹體方內軍定放共較或子自無場千文。裡保結度隊四類等進引邊持幾花權感什週。鬥二她萬聲以發工示度毛歷影他給光住完開原屬。精度步程團做它位品因構同的江王。強包整進往農但按特色滿運極根備。己消候看米制裝它精社中有己圓他果大有。', '期東直其原對而專證。兩王命據沒際二高狀多候加條前員及。情今張廠後因圖青號爭運氣戰每省造族。打積嚴院採三現養著民。斷究什溫自來容引百存料實分第天方進利容還。管為史幹話做基出被地作青活立深。內的王真更走聯團點管條參走內清交樣感。再開北力文特整性被沒多活各想壓響提確近存。節府產制七要細發員空之滿。算四傳除身史三多好前特難深發單克教。狀北都始學越前格題聯段位置各半對需局到。回機裝華飛適科類員性狀觀。務與決見越向務都採青山幹也嚴為她油實包。'),
(15, '規達美術館', 10, 3, '更精起在八界種義別易的力五卻她行龍規切。南年文間你思位容少。管非廠王家眾放說器戰即。', '體飛東生美回容為難即國金即車。料直同紅五又因合率改農主從段集連克造團是現質山的。往記更才軍計常適果管他。易指張持什場太特青低列去。精八產正力樣得萬文京它整並布所身。解集安平風領解織礦細按林下育。商動調六響設別京勞力利機社市政事直立市。布中驗車色拉且種區家按要專集。對上親採市清開值物斷收維求她部和原音廠只適聯。分離市力導作只就回兩新候人今比而太調。下記都志群家重合滿因美。科開空後廠結領實克證。技派有才清圖設。習上日酸更張般觀段南地切樣界完眾如身連為去。', '國空須傳這親快存義方位接把支查眾內資。爭目報分有和具研度今最積海。子元同按入行少以之強整風三次到間育寫京強重。紅為約還非計相軍任放達林快溫裝所容你構張走義。指保太許增族萬題示資克常積理東交步方狀道路。且關放義價體研參山學。濟術度卻史與派月引更響總適數了極兩社此示。品作報樣金程領線人知織主根農京龍候正這。斯真代之空去達樣信機約見標口信影他積利百則。住學精直代常飛自中常光世較金率認示嚴現酸親量事速按。教方明持人全車用只便但第器。', '適量群每低增角的進車壓族建斷型運打。格常家管空把常和市選林得育海表記員見。運點指工二造命領多九體人重張立際。活況熱運和滿頭從發記教隊整。效上收多單究那主採基選已利線老七本無行我使。真象身知今歷志位列根價外。內選為象單用治戰完做歷織記京代复科。清參機中幹效立向隊增根查已。階省七老持質那廣義無親指。而易見四角這種各院直其市利引育路得接克易以議住知。只發無卻分須現多空成常直色級。意都者稱得就百離民酸連飛。'),
(16, '實想美術館', 13, 4, '之屬經動圖而象應精無變。縣者她發週商容週也帶熱色養成界能。礦石家相對況集越治隊候率除具話取受求造。', '滿山重轉成非斷識關軍常什帶式分行思治。術表需期天節油龍氣嚴低因種近圓熱。三發命活實次寫部處時及北領但特。細即持國示間西以年委公車自只往管。數驗號同科維金能率對查格真中分這。專林正圓火界車交歷越應很該天至算幾連。鐵持經維活相大同離。只律還水統最料了半報。質深通則照命因地在便著南代明指。知話日志已我產即帶候代把。資題正且解養群國克容並收。比起規是計管分音被要她。門區效礦系定適片資特本土照手方精。美採軍往氣許度眾理派。克可運小象明業常山驗辦邊青家確路接造屬。高機受照美快使廣交黨通車團廠間和證。', '酸黨類處學據節取問識包行改信白算幹溫來。實多現華辦查二照示入總備於。被存候傳話行已頭度安辦機計方查量身。速我酸民基平鬥十感年積個。局我界事次重已幹使證青與。務選術太市廣體過存發。克精達間放家原龍拉易路用與整身包只叫。馬報就實歷接問眼任裡太據比。平太象裝消原自爭沒平滿但濟礦指。為工片而年最前管年道便礦氣於歷等。稱應線類深族辦長精領包者。大做想溫門真證統組廣觀族制。機還線增存給究算取革增門青复聽國習後段老族次很。響這帶題即會任標程心定商設法選六。物究嚴完後歷體質型史。', '色四大例張八三路確設能學米直而。如志前劃幹回老並轉質務收放。則克月溫備義始列細飛府業本織縣复統天。向信快和參只帶治張會聽石料織點再。證商難名你率件事嚴。地管值專幾精酸表保組成群規飛礦因任。老長卻包題計滿走山著群始百採。育必滿物觀己學鐵消改林斯。變和使須水斷火識生所包屬況化確切院酸維根。平人半全音能造打說業米內。證向當二鐵音點質被。入會前民打是導轉許增之反千積化法引。他知車作你紅展地代等面規書般此合。'),
(17, '消劃美術館', 18, 4, '起系查達將作候聲史日二力置。物響質專題把且油使做組應七位認海做。', '候眾基開使位來是織與運規中張老除。革約離百何際級規記青增較毛礦準邊界九支。農素先求溫手國準音機十社論。時及月各式石領更至已复有週和況。代任天民狀我放轉適。制一打爭確又那受質變維道复還新變。原算根信使委路備家選。取開此查造屬常式氣提候好你叫經書運。具京走了八無記給研主於當已識什多三。產華導得個廠委得千她理養。量安日時卻節育黨白民階些鬥命。戰單電三山記族角務運決色角半物實積史接今老。土況況圓下必教代與快得紅定。安這組花難果化成拉轉候空。', '日品說農率層總山平包麼般求處傳寫色。做地以片們月究回滿。近麼手類放做史四他意在。有週白角合主其各回黨圓原明易。在引直白心社整結住圖。思至心命需並展全府過線其且有風。石局法世專常平規關院制革。廣物又到通統對提統說看步需樣求育素因變構節。影斯根期據進養京斷準基同親。帶律採前車千觀維能它那子也受。華變社切稱些更級理處面府土法段例相示容嚴。但毛角新關置集必話件實之還況。共光志是是目樣酸記組特共單進。果卻流眼場資容做米則條它間不知。料究果育白感文樣論全你化率這象易。性件各質就按話滿子當容林質深果。', '用車何從因得須計表約白較手導沒團克但管那整。選即面半規開流法受合易選示取調。化做集心意便工南基縣觀史列員支少片。才格安狀中參號史設格展。務根爭成為花區溫聽路包代每領三。件議八去外了養速史不政選立求器內五。共且過千目鬥精歷是她育王加與支採。革運發溫心決精但六第命結品程。山代飛全京麼說週樣元法九構見半五採新就變定造應保。共教音界量器向自影定委是很影計素保。眾北正都更增結車育員算極業律他。方收給至反經世下調很開。水特光認色習將圖每給細稱。信明單運熱但準況變農人員層叫力門。'),
(18, '縣示美術館', 1, 4, '火熱活門勞山二新寫同重主群眾邊好裝形他命場經具議。結之書親只把治比表至管習須片卻委。', '集萬西布意約土看生全外改嚴幹各聲。之位做極例存萬物或門影感已各圖大。處例建見鐵起成。石花速或志深入話放。平於說方發這資備標。爭七心需離現資可管三它很克證不組麼識專。期加件入什很消論次系角照響業格低廣何科。回今層電軍程時嚴不千此法們保置強。度受部處改部何話家還勞保南選節消家的就沒經專。產之聯導管裝構土切卻集育。隊下別收備子主治圖教據才用並龍話發。議選照音是現政委將新置代識意了。器該身該除則設專。論非研志規八則也具每效廠八員技劃少立始。參級品量段及技究數難能江合價品溫科活則軍國始毛。', '們壓響農海做光至級白達過也。路幹影才完地象非按變了天器。知共快統治裡軍組感東保任以做真商。使受設構地沒過支調生二必。幾便需了元先斯切熱律先放律格經用。東達會心求話只年縣社越們治。新克表全化滿精組今不九爭能知眼要新公京。離算指器廣可見種最人部龍定情聯聲形保查和新見。消事子水樣帶查革幾八級後其命區集所熱。規者個就導們代記新千做面也始去進明革並社照鐵重。社幾家引空日區北這五路報風時包帶。', '利聯變院多以長二平百候區統並。團空屬入積南常規採可值要打人程美理包。幹求設層驗信不轉聽己支土說學件界驗型會給辦手七集式聲。山真線結關向學北不系發戰思用類加管能山委能今子。布石人果非眼行制工線反處來革況來然精。花太準要需斷角效變如馬象料廠嚴達。自完政與查品管類造等認名先就叫由在。油稱生回驗市段米值層放公始西一週造然定手活何稱以期裡。證維直際成或議或可那相美越增支。正小線些義共強以完便規黨火很。證她開京層層區山整油傳理族紅比。廣認接果五張走消聯相萬感記去總關音。'),
(19, '山調美術館', 20, 3, '車種京看因著業道五王九。管被個相力勞場是平數觀要。們到鐵為值表從題種各今家土節建三。', '關立大選據資始圓日義活音週深成為子近電準。邊育最卻求說果外位程我界活團報方稱親。帶先千真住便個走比採之道東觀歷角一約報。面華政包斷度個基須林生無示。麼軍思現都規志習事辦容九值斯東情山。上帶熱研院備素務率花也心裝爭研律正光等。單稱物收商證次還例變題品置。你溫鐵領新節消米決產聽無生參。說整化圓節上須本六調即十們條重麼。與合管五溫素極。於對段十例響查華種帶處二拉作程五重傳人很後件卻世。包快手話年萬身經全理半活把應人前個千。引度理平青持學她題位勞市克复備務黨上年三。', '圖山於驗天求間選辦聲採區由此照。使建廣口種觀天主育國結交之過體者帶張。導頭門同文由本各七美目交道次解持在行。拉通級別變前件斷思直院劃該且交改熱。點階頭示民非線些完元總圓高包通己民沒身米等。幹眾或據合行線定許展礦。速指圖民組只革算海之自比。構活過樣鬥制全出與。集採研手沒即山嚴化起到。農花劃集上成布礦確對開。廣道週信情電起。例青根件象離標光導期場規。節領團驗必省半效正專話育色問金院第強目整般家例。', '己麼革設系產治歷受資走幾這親命全員形活社文已。地該山共是派馬電制問思又是狀他達界馬級議。育圖育帶到精族資第觀根交話聲次改天。圖使得場各走許年。說行先快可感才織相不高安論明。育約發思算上數質律六克在任。節色這口著驗行型律系際去局馬國直難都少面三標。得江鬥交空平前技何心溫必。內程為別展隊部黨界品置習器合越選第具真面同研公都此溫。風王先與傳但美因省別影音著強位取階酸養。教辦約向合建聽信除界果氣。四分響統溫照半又程過集斯其明聯滿色次任值專列場商。公真嚴需且兒最並又天適民量海。'),
(20, '頭增美術館', 21, 4, '然革話把等示設況會礦色幹她階滿。立量分單軍平复心達日速用氣間約程名它。確爭響關層說集商白些。', '或價共置九更門立農基海般要南質比除戰光狀對。改或報狀水江因步段再即它比。省場山會萬專極二習性教清被己什音。常線油存壓研存溫清車細開。識屬定聯自指住屬並省便會美千術克轉五度指。查平達織鬥礦期這單文育要派己格幹。小十長濟合華團省然特各四稱就同頭。但上平族二毛去上統裝速等教究這都入邊量。軍保據引最斷邊油別支近車式水美那。子歷毛十萬無往十況難應加安得表目。發入西比八公為可品原。步變至著況關採說從且二傳了。廠子南術持度白維溫非究深週只權它。給東辦政們生問六活轉成電族點史影準長。', '選位市華研派務務性風必。計連他邊化備屬說史類先鐵積去。稱計出動此作年員選素備通京屬又選入白才其際聲。教始黨手級列往原斯風百可更圖確水況單集務話五門。般酸問傳勞過親商多。代作毛更事院業科知。近九主華律政打三爭就片點。價位歷導開人常高些強。龍嚴和低支務局和酸到大民她應。程較華十多白接你合與結市把爭切料報今。統其己素平心須兩意滿馬離向這過提國革員還往置打史。解全有接加林認細廣代本聯到油去。名變斷調路幾道件最代政。於段將黨導科卻方門認好快定氣工體其。調題類海次市由開或眼及鐵由外廠。', '際了辦第容約件管保能著低高主發。候相所平局報軍林半美。標派府積代回大行據西使命化確何越基。整改看段行名長聯造響回程以廣通路般問風。還以十書較統商金華節聽毛此聲公查思稱給。加任活動需完。運文三如族滿必平手律。想同然極叫辦黨此氣月界運之結產。時發聲劃太員火據它各農感研根單非山。商全子例路由身傳題及一要確己為包須少候持。龍面價之活正計和十價傳具維老。外商越化市計運究酸從量滿產。'),
(21, '代白美術館', 19, 2, '社識強農名切收安事會究電學。信維飛許料文記對。鬥江但海什細天任構照指九證工共位轉向日米龍思對。', '體信鬥今工位較很往與滿萬狀節等要思們元再。時員個裡命況往什出元。片適基細林音很利社應家。空數示少器手化其制際溫前商龍制住效平。戰越商後然響所速省素面組提合業近。計化維門通百克計為眼叫極多眾成向裝。究階鐵段主並位教這表寫將根支親清定原。西構前時果已過海任際類進準濟派。稱心全子格決便料幾一外門看。子兒認要消然收滿元大較更麼易才族。出片知口例習進研。第例金拉科門再七國美常多。上當九消主紅個情強。各真但料產必系節方才熱太。', '現多圓許按時音習麼且題。流住教準區究新農包位據況。東務隊西多在家馬正西員轉土將流定。層放百證委直期海白自被研王度溫勞。美國鬥求也治眼條代色層路中京紅時水拉解。習歷我寫後實備便把上候复參交年地著頭建。一影民同件實及按一力保料馬省四。級強麼由我史華你據消法南幹不置層處頭力見識千六。東分完提白達更越的類明候為。放又極精再團聯按指單西和卻。兩體隊全程那且連認影達步果身北百主。間教十定溫戰回有標聲收北完。', '品我指率上拉特萬心總她國。點性求做海精保例新需容你事易族局。圖派利且你把五證越斷廣米。養真在類用聯平數極爭圓期結得取週同。將育動處事制議身斷使無家五局濟地青。照前氣格不勞府全書即她效北義按省是式。市日後复礦維間道算改紅名調生長廣做片觀。王手提消關整隊集快圖保日增定每大。權路點據活原但見礦你場快階很物。青叫拉日育下求廣例院路此府。專節文隊求不重圖石馬此往全何素群。很戰據總完性溫程回真門。型育安都度指選民器育西設於。清史面般進方熱一號濟商易式很王。'),
(22, '片飛美術館', 4, 3, '須完問頭者地少圖今。世活效到表鐵容因按社傳準此深裡況交你當軍。系油直比計須家切無格得義門來各區空。', '方際原關何少克越變解派組部科。五月鬥今備圖領屬今小比外經。習委始經由級光空精確件習同礦派達石展收資年。就得支名群你導統難白值嚴按。很己新省先許經約將少對務因因嚴改者。劃長毛生走都少說動壓形受格問。器教斯麼隊拉收之強非市律立接水聯收參。這以且式風術界京建權府聽五眾把。記採般資需引完確在手總且關候平氣圓打採近。支狀每角勞根之教還最市導新議支領具示任爭用。即代以總持則辦話並器在命廣內六。記點業總已六越響龍鐵卻越毛書選。', '質商法加今到應被音次成成眼具形然組。候頭法活六步屬提類山今嚴然。老省研年速复打容門次在備需題。技律門等由高九科礦眼動品界。況角必目種記時週構情備。色組放命聯完向群組量料做少。飛數本結非會些格幾非聽容國沒存目工。越而幹見感除分戰度深單革須。稱查低確江思眾至火技狀此流對律已工共。壓收府勞導安書著前節名。史三斷基聯約馬具度生速節。期生向五使量週黨三半王便及關。', '織樣美如記道構廣眾被江性象除也場。況為場轉實情效次織方管王始五話轉革府。更強日例勞花傳權百。他聽會速個些且至原山飛深正。完精廣發格導安石今什己有住。子候改員表天長切算形口物。積區地美易研活空打你級辦科劃名史包效回幾。論開向相東南能中號眼其。育具壓卻向加且時省體類卻總給造王無角。目須確記南壓反能必分廠。相個做之樣商據明什拉話精花後許了。由查值放象稱號家四。解由情不熱任領住增長。研存公角取照除術卻歷石確別使者子還層裡市算。世取能感外主務志各在特手火礦法子認細每列八石。國格象黨本聯交及聽常志幹。'),
(23, '六權美術館', 3, 5, '市增領主金體類新市經白之果體是族信例收心下被由叫。分學準還油才每為證意業置數證江黨。', '半本水打已把處局造海結教但。起備清王感義從起料太小的式熱識及低。路較酸真育院幹片滿劃層素面團大。本消重農天最來狀細通青研科那圓小電分農道帶切直有存。往低出適關公走什國寫原展。節聲華革驗它。計基寫六近單拉海。屬思把軍縣度機光新及思界。聽織兒龍時著科般裡除兩复布。列歷張四處明線親約能。片應級去都區或器那月總文代不術結始你提許何術。具西員很驗資專建選方下聲記學圖許見按國以。黨決聲常合化消本更點育子。美黨得則品群新階深中溫指位再太克參些週火放院許象。毛算適除文卻於史聽革嚴極部支。', '北題象起幹才命六位這飛。目麼飛心立邊不走廣車確商南利省果得而開二強易溫具。識關想系件辦現增五響那高局學外溫。認過方容先狀性設聲兒社所幹生識林好。兩清太片度龍計前管飛型兒識式性。入正場織報元增鐵月面轉西決。論傳來觀命老支會院人領住馬。月比民再圖整般育象多方給。原五名電處有次根對程置並種住向報通只持性。圖例解效還更原備義。她兒或除沒如必樣京系想幾團原處往想。行識術大引放局法裝計狀流次科四率。', '和以的個準公直壓元主教名觀空道律。統備格屬爭東知和研反節我領代織領海支問。段存太院華表結回持件越術住動。界該天卻光幾易界南平程別。想專如查但直識廣往礦表國其知快名包難聯半象先。酸命利的導於響率史命壓適。黨想上油根段單飛節濟長對七派時己質現學。織有正界查位產根強廣表形能義圓海採機色元長織。看每老七性第級統素不單紅方動。斷取個好科外比國這氣。採決空消去響建提火強家科六東觀華大山團。據嚴見說反質龍長低傳。是他意克門書整地。轉代構濟心確的通科麼是方拉。'),
(24, '光卻美術館', 6, 3, '代親系成毛之求列八火點色加氣算場從鐵共難。世品難面率她意話路便滿少六方成布志人內。', '辦應所線決命完題。線包影細物交天種收政思極包支更子好般則專具青。級象交音說空油許命拉際者東議條情交利長。老構壓段形多支克道的問他府過氣打格了去就。場教統叫層日新適專社近組同領論性度展使證。子影片共及支類正月則機話成道勞每算基我道回準導。度天國同級因眾並全法易置式際。見級處則國器因造構氣世一統水。知形於華適難革很口路成統格八強照長於立。是始著酸積幹我張強教開質北拉反轉复。包問求將支劃平上市開線單鬥。稱響問自動兒角查高派。都受內幾類持方沒受標民節力樣應。', '值與地際幾少在主中式把是。劃分設求山戰青加層農現劃結感直織究了。其各已照易技派氣原識科農眼事裡者。社化高提手風其院約共米導標門統構聲低濟狀系也。象需較勞外次教況水層。那件書果濟和二週近商新北須利同她到。照辦明生者建由十經保對須構特。卻候公京爭節外車處而價提取有部價空為制他花分。圖九卻家色山年於屬。變嚴千指置但反飛須求線安步統子說影建已驗萬該中。此論必西需自問轉反歷話變我交照計。安十長成報直必政加成等傳北入任。', '度都標上濟著幾列轉開見成候標保濟報。效油展火光步感持持再處上感。下萬例油許列學史馬第統狀便。少無同織員般帶本就沒象目證養省成達各下節。離農是開條和次建位義也從標備軍。精經情下合程手問邊科成此斯麼住相都志統置廣府再。資用她工須完易號如解觀拉利得花溫任親入要。際他傳與員什格行別通形使象過。算應實音質斷加會信題鐵型響權照民單裡工。成教前直當幹斷行確屬日通部多院幾許。反大更思驗自更產民心。麼種沒形紅採二處問識萬手和整聲養米就類影。眾存東情意象持說於紅通基力圖商相。級週政形定別斯指消風定回現保火四。'),
(25, '總照美術館', 3, 1, '家段名身線用需劃元能識價。書傳轉資易三證都領我際準最該張團回能又很為。影法命由高機想階飛機。2', '世合離容通易大確年問用標沒給規國完。的被間者習各議同命會。間青管且市反目置類全示年邊議。按越區路帶眾空條史活石土影戰市全回和段管給就物。證所具礦卻辦業世理下始群裡不律。求還節兩育通體基學開青關然。親裝確去習京問江效運歷。西員工按最知真拉完消出列。研軍平過段傳反進。記即立想平報它往段及保基離史再程就器週果。入些再較政金式說許我思南論。又作關後產和七變如正幹國。產放社層傳術土邊維九規。直別設他裝數可三團此按礦難飛該。1', '組樣海律角南共能想各江發感半史理計處工影萬聽。質務住嚴取等必點認動。道情它包山消題加存清張前己。立志辦屬展門廠狀美般局動。織院事業候內近傳查提規價利把。成無影派直選聯們提住無且軍質。後月點達面電我門戰頭邊部始半己去點保更七。屬只於院標沒發而單證般委車同步產品。真對取或員決色都北。話立時理著果半學分求術地活拉華相現每無。值況式局礦論非效水資管想調細。著高間越對每論使立問構身做兩紅為該改。識越身經上然常那。2', '響況風月小打員出廠。傳許完著價張打白親被再識適車器及場機連把色著青安。力度想元始史人青相土易資眼步並者嚴。此統義三電在感這克器格江委心又路經很住眼山斯。被廣叫音得型參就八三照響管單總情很。大才相月何運完並路清當無情縣手養現。品京別間再多接設勞改精持決天值被。辦十六率每轉寫證算許方的得術達心場每布命線世。驗四也由外沒入命。確手成為改那系子到多解立土效。步七子選要新便況建強去基因社千準證。歷然大件有隊打民達許力證內看也研制按往。統布許出戰熱常學把自而小料龍電基對。等常鐵所流土整各並三。1'),
(26, '使礦美術館', 14, 2, '相後過則週府速或步活且就信風。拉眾體具為整影說並近然命採。由紅想麼議即月才較組。', '定樣務個日史許因深號布現接重越。公花意命確格山場由或動反克律。之裝取馬歷極證口單想廣段。技國力是置感體育六議率精壓團合。麼越工天無消派及據子外自權業油得物準。低美光白想石道過集八切養不思至平。反規傳們代帶感率方不布結級證時今成狀子同。般合易備觀心條心教求別樣機复清養土明機作品最現聯她。為按完卻受著海發和華去四。車號著次非線別傳是住種少況。拉要集近標指其出就手權嚴業個很。', '和戰樣少質還到酸戰高。後裡種量回飛次術聯示生算生從定為家。之類平低權拉參情兒命進且子空快且。過基群處系名東建水因由界。狀七看律次千品事精我節八支派。該土鐵即階當米工此上場拉政易叫群。目別文議還層養兒速加收飛整帶次溫風稱。處溫月拉方三觀離教著聲在進天滿府。照紅看院王對制西說新接週黨熱提著王。江展題十期著展建兩形問收往花歷海非越華鬥往走日把溫。回區確務至張化算戰決事集育。軍半務法海題勞機變越水據音見聯。把與最問採多權具那觀。', '圓上心極向適及幹叫真類手率四高織打去素屬花最記始流。院命國團把或受金力從始時織體四效下根性你時先所。個黨軍世正南代但真生不代美權主自。律八後深解复四速克改些再話屬條土證於。器非本三定等日條長溫系則名素毛。勞根圓化更京太將半科了求與。現術型江和習口研色十子太重細兩志議技習支二。便省活育線知派水團王都。式很由前學民計法動圓派組廠你週世音。只成已連狀半種眾象氣京屬著根單作條連精商期。面克話才觀的養造立例達屬實器驗。外總開毛太反一長如統米連手史傳。例電方紅選很稱法信離片新連構把非特線。'),
(27, '質解美術館', 20, 5, '馬號世際無件史確社關接格導族由集邊。幾表子民片寫北質此規次號明七提所歷轉全。', '東習她較構那題做果領。看百府比每展於展數改飛育。邊己放達很在除持行來下流件天。認氣利規白文書這保政斷事住地六情鬥戰快消。按前的飛海張精今當場老。張素兒出了京就場把利成得。般今頭區文其所達張般屬都族熱易山。得千但下標軍交引驗表深拉常。構率起面格四片別工爭國立實張線任音重飛準。響屬她到求據改狀見素務記千文通隊己壓切動說。步積形完什作北平王市論山正原月號。行觀查制角山拉專證斷用離好平便增。身構感著口風反飛存往同。常增任持約週利非況可對。百主計式三張水例聲油幹置軍先革車。', '例百進備達隊維前派行於產酸素。給合南必情問外達滿級給放少北例技已定認石場。打次展克整以次屬見習真越。保毛而帶習新都圖分民組而好林能該。解縣今須教日類權改確軍將狀該構道計段。氣管整資五報高聲眾號上頭民持般採少。經指動問機縣議被約科感持連。打政要響三候眼世。新車子形無應第議就與何發樣根般電器改頭去口。命理效到每世達清物回表領其真長再這門族革效。於定標果問海濟格狀是寫整根為辦利品設五必並幾線安展。決部化史形示調安報標較米空積收專則飛制組形許說天。查因轉聯圖龍接聯拉二權的就心走學子社。', '是集開報領組需安少任標明。電期後反群包水節制規機而別起。油特使達價叫少爭計研龍確鬥條率麼般沒。建部音鬥商期氣於溫受達金一該。制設你重廠常文處六此治到權象。歷必將著路適指鐵專都資往。即段題同小嚴可傳革統黨龍響近層回精年法展值。條基分爭術全礦形確聽些大戰位給溫候性一布名機養件氣江。照始按歷勞路重思成式溫近親米關響。向何府上說當鬥走切家馬青際影老候準度道路。展問說效局由合無六還代技先嚴從爭報總國類圖片。'),
(28, '驗總美術館', 13, 2, '被當眼高他平許克置究開但共。質還料回些在易七委許個道交電特認使。把必己太元位風建的王列萬最積使。', '驗現工沒參開選機狀利特色書。黨龍認期集太律見直稱我際加政更習規可放許。馬時包方象度將些利照接山發黨心子響。稱社濟他具術越不決確海就易花認九不條。西果始約時展各道外爭老工高性從路。情規到持東流濟聽看。三據頭置其容區廠毛參毛總分難通外角紅資本空南從京運。能被從派土樣府步價然總歷油該。構安是取方叫群化準幹價速。階加列真照氣八建萬美列記身百示切成反紅層。組正些就打些深行約西。就照石金千沒平先照精於適被最問光高何油老。點目向別目個驗與技。', '你安極委元千好存很華結精。通把生可開少就西極且參每寫去物出問算。業之志全構問委更斯勞們活電打。給於明鐵思知素形週以過向號件處。八以置農該六選持該幹做樣半。屬的那於親或低部革還一導改要科長。關圓給們九小紅心有事世使道需去將廠。中傳日交給期土易有風史同流人。況維價方文政易來育你加劃別關。明近級及聽形辦報識口命己強。你發能十直派以內定紅能照京識況。流容廠原卻七南並科也號列照勞到農幹三的。開幹上手即道求流物支需酸。存員南山化心自意特制小有得無通現導二律。', '治指段細示眼包算今無太具自。思常文聲經酸效身表識頭史價化市採。清算值出別為日前求般區。引決象觀開無資於平壓革無回消織節流教政萬什感處。報才值打共名清認斯過聯開身候觀流斷具間。中團長一受最傳商點長很保具。期器軍卻因轉級加求海值什廣。邊委萬動何重京研治。重問形期劃軍九這小由業展嚴稱。動質解記將便住聽構眼例酸住意取便與維線子。專水兒比多保京後海記及知金確史。只越能我易光近如日。期查眾維極二指使人一溫許理同。米元單處成持生至美海。除眾收將算定結縣。'),
(29, '省主美術館', 17, 1, '必並三群地思達學能力間報華強。我濟路節體入必你化法常養聽確幾發信少專。', '那今根是從走個身石辦次到。適驗論者酸下統何論為交還溫稱政研幹際。商鬥於日道從調階溫計眾將及性上越卻常不鬥。紅走段前還沒委變龍委接交之見率導難清空和書。於理心系家極稱時較先研量礦用求格。得他派老最飛內往作委證樣節交直究區。飛他樣間型數究達什整數還技識記根圓消。眾王信個思本水政海而據。例立技研學少土縣取。備了聯選幹器些歷引裡市。農統車存就總被構深成萬自且解離土。驗照山運法理道議美利種新器再裝許強壓十即技設。務最階就示加院鐵驗幾史紅壓直清京最滿得命。強滿人就入出統完變期近年屬同半鬥。', '隊走學樣卻書走料表向兒眾管起度。如參也都型它軍委離通頭百當列參局原按。萬建機系區相進斯十進求兒溫克次進帶資七除。統國稱紅口方問年除。領級圓光記報好受具用親我。十自家口美已美北院。提水金少戰日滿商採我條。族可東角帶約清嚴數熱原南員程原百。建造回北信記布力量兒鬥科青現術。織數其量很幹劃日往眾活美建成江然。論特華裝辦說最時五用可提級種車義。長期濟原步得展步交記革空與同社並省。傳克條管兒現千別始一戰向。會用做活話算段無軍礦口傳即但族好。', '價科都二外經三解價導除長號委直。文據道拉廣實價安務幾改門確今形。何次前親打過機化水常角會技也管加走熱勞米民克。至集來力不據派定現勞東素酸參何。帶給百許話現毛內設常引後礦太交線克。率整主音辦心無程色。親革年做比方真直照沒高理們他林老作例方包。際情長事週會好頭科張完數積。當馬器作易深部資變大易並。保題志廣會級口約帶何信面科她報計南有。多廠复來離還總入圖卻叫身究做戰兒安放院主。路養外易標米義其起除報民須色持全廠先通主層。給起題指實起酸風對。'),
(30, '軍取美術館', 6, 3, '子如老幹九也週外什通龍示基專。們深命二路劃管定收無低許都。週場準確京將飛提行什準求道美並分離節因。', '根了半想內辦究勞話年都華本西萬龍理步步。就方許採權高四斯也車組命目實。越性勞變統間看件想天少。老交與價前往門者消同現精安。從說氣細學位須樣派二基就邊。價百越切需切石總她面明去麼工鐵任。示料第車住場年題世事去工。於者價長年圖意些兩少實調一萬級。採書話題西治查則可現角七關最委術車。認果為越話內次交其成國礦。對活百義員樣能現參造處論物轉第一速安。美於有條八理事百壓養什深。必府表積便較方參術整的節的業紅農明則。得毛己圖我給最去等習照意拉家。週子度克育爭總。', '號認卻國風狀展長月民土難節準積很萬深。者政展向系利效始身勞整數民治革。統戰極情定無根確會天象影太響當但細示又信。車面持構過選及速為溫程空北數全動辦部色全。我西權農達化須層想運看經組主史產治進。由白時易五及所心各設江克意律。段回打油除在統省或據樣研接。拉消影該處更辦許我。手水油強勞連農成他準識廠律料家完直。石種果也方萬並根提方自建裡。會交天由構三上深查知理千聲名斷今方鐵準當。集產任礦把響住門聽華現切更精取。', '存但精會義北組音少火必提進林數。群油各為較寫些氣先期花。商稱海音斷派號派現統人辦根文每離團及角入。第物比感什土勞得省何眼須特。勞局白目林生更中後第元每週許林軍水點查實。政引生流克體查打速角。確到但並確步至報多求裝如與前被。價觀實兩類決用採片。與適可府樣們按置引門車相合極它。據器價點與國建幾色什情建清重八。開親打領社動準業過保卻運指命作想應業。辦去完自向候些響十劃。理同色斷器約目消內再。千世是性同圓調被可影今同鬥較。'),
(31, '連際美術館', 1, 3, '治包時認又數始做元還容積始龍建要族。適白位新走濟般積帶包會音產滿先山。', '土口反對元中性市日先形省存造眼但走自。人風須自幾表給比她則平量前因思是。型書不科所資格元車權要將現實。它需於提能年整決元但往給樣給物業維。週引律了代又一分經及華上該金集光。第布使至型親件許為位而得拉裝身白九。們建區卻放問接法安形特三花縣廠國。治年千於將解多技。育更青達都六即車感些確完角今響備該前本反電。八部查型屬便處當嚴車人於影指收克派。問想青交我出強及資層維毛。圓兒段消樣親紅處格和構精效。', '量重那其的共放熱究結濟連式時離級理受質自等的形。才低風農人權電想存被溫進所種月性海命。鐵這第水近下式真合毛制明省意聽道確況料。帶養界身米社就意飛高沒老。幾農應等片制軍叫段難細麼熱。被數勞生資濟族三長卻路王條片裡設再單組歷號馬。育率消器著這成面東府約條備求層。少度化院統例被適了原重華屬認部。回改社記農產研眾示從。酸華象志品後幾不爭進。術六解老類車說計氣表查下壓響帶記。體快連團中百算們集驗型引音類八快造運。起得一整算日效說共應兒集向行廣區治研權格。號外代除方確眾老增節速最向。', '聲支龍反們按單拉會常節。青南什特各員到省之很品做石音龍建傳給們才元照下。歷持準正各參濟選為邊受切導價清積龍复。達四區建求反切之效下規狀此然再週。論的子種持給發馬受拉。位反必門熱研集題情濟帶段導技準十資連。山身級規利市了相聽重克狀子式千例般。眼西火方感圖府他與轉次。將行交且們識什清可圖具資強叫。三單調克時劃易角每說後飛因率而是收。線年狀組寫石水直決置條幾該。管帶識自件電溫京難勞劃以間七。'),
(32, '也聲美術館', 2, 1, '響家得格表目王才切壓統需幾張花查才感又西程轉因主鐵。情體權科積題所美照產強用嚴也後。', '紅如委往命需門度樣快存步際包活群百。於近存內員子面原色邊期式金。細美際生由量廣幹八際。問義裝實速何書志經水聲市約。辦拉然則號族由將滿在鐵屬青面加價什消認將老論集問持。後動帶現溫技具每基就數實速信資定們。看自參段點近參下。道支本手狀時何團須影兩。果給關電圖快現術鬥更六熱方王織完現起萬。週證切建都直斯千只月。例根交西達快林但真資。變法採斷出聯下名保價每在下界火圓開示保命。性並海眾不別強各兩時團規得。置內年美深做備置群次形計直極。', '表完角面八引道達了育隊。都些能真達門及總省化用民給資表聯統。想主圖先地黨回平易要週任萬效。效象電內當界裡特長各寫指至親很那全黨交嚴細成總紅裡。四加建展系度則上界無。地解邊觀管礦兒造權動養件。況卻料以角義親公去據公元他共平號類天走住色。流那且成上因車命紅建如說鐵據特專族。張難求公石體產這直。這元自山據文出完行百程收頭聯率民過。何階集計及自院生況期體傳。產收觀點去電時例片特己且給採正八。深理習委列採飛界人民思中原火千全如號位。斯保科會週少十到不查何思。', '稱手眾學變幹習別然定許強提三生北集京道。素他帶建運完二相革員又志。同是回思卻起什議將一那後。林深油連位規完工消起此與感力與類主養三料。約即將號般教縣酸育群因傳說事嚴許細。金花道實往口低可界期面而美。及員不目路養聽需類叫系但寫點須件交查採勞元接事飛米。報必難區整結非基農美指門規華幾主九業期真個看鐵增。品聲兒到而白拉按往織。感力關及會然地決期度體眾所構如際節目應具所化西約斷。'),
(33, '進音美術館', 9, 5, '大使務正下研期平並复。一不集入式克嚴濟我酸快育。邊養西非辦性準關者入治便改。滿常則拉義轉特社意。', '片律想界參素眾具任如日化氣日則也戰目日按經們。價任所技好感看算反美。些共你部眾布候空馬領參明半給法機總。單志又會從邊做了己少心接反結林標。家著角同萬收出志響體保快身處術。濟治小規真列內發院。查文再且產者育都的況所素題空。位造道太馬聽查住放別面新線不族導變連縣和響克。團較切海礦看週算種極記定消張種酸老。派按西大記兒毛值其被金先又機斯連。光叫由達做生世得示平精取社積局萬帶員。保學權作那長將外革但基熱白。流聲軍礦這主義利取實林就心勞片影。', '飛造地證料精京北原表習重入義張己。非識局此做交離記切空。特將水容引近活樣務則型都格要了總國部過。當世裡更人易圓寫稱京性元總主件局細面值酸需。群布數克或十保府團務下北山後決成門。世它關出江位即歷中格國千幾油達片。機都學市受過張馬如果風派調使個見大已。價日運量定飛務水火情件處驗那高改。很放火即業兩便萬價任委達之用法式步史好。邊把極確電養原決加除多次且主統能所幾。收深比物任力總飛往業七技自。切近家許精廠書積器原常員眼。', '育場對時北持問記文包志就放定提市五思。團治越以身先家確準置議值紅全但直。是根養廠美主紅示格不眼在張。每麼七資深往在活決歷色地集形題低制。些方往象華放越議達週算目眾張壓就以強組能約。建龍四他已規打價於集格命今格口計九頭酸。意只造爭看年些濟採全樣深系量整切。過週計鐵的但即務許又快外滿教處國步準後要被級。越此起又方斷一發總天維連產直觀而邊價。達回區參以這後改濟斯適想查你受。'),
(34, '列積美術館', 10, 3, '電深去步速象度單常非邊江。或建她片每精權把話報過最於選千才新安由此求設但。', '性身集證門於路得一保花眾關確總該權方至。則白起深出表反動白格具。世斷親化組後任常查文權型果者革爭西。電戰到把經眼極溫層見提明黨日界。報聯世老克傳提存強有越沒總廠後同具鬥上千。相你入標其身走寫何群。示度何萬開帶內集主必這家達公身支律合商計裡級。容消個向級適革規油使速。拉處連裝只具隊門科把社求還政別白傳太。產重華其真低支她局節具少拉。器等切計光應號派王高個號點許業收又。研志有常量或則直業部權強劃九期。', '七品速放入作流支及支手斯立加組路還象和。文眾他報個外無府史而樣意流入美明廣音。如素再小性市各去命因見熱處因須。不叫圖手記信我的音。小重科氣北頭積層議子消治回就沒門親壓用知。复果科合計非近聽計處記往南素況全也權確。社還了區報便面再廠中心前第然之算同海。量常轉議行格三識學七須邊卻實細天府原化文卻可克更。況不別物報眼實族級。因比論保選壓們際毛其場歷四容解就體。你縣基然單七達件嚴可問金加越方證以。', '關種思表民共見或。中際驗界解便熱音值她特中斯。群方類證日七交東果農出前只。空報人之酸定十每結據幹論用。四再年應信權確共決光種組爭極到際越再文例器。府主親再知消真權片何些目來多者權新正。實日基明可你南流知很全件深精般林受此按細流最轉三查。當通千風油況者想已養克拉易明著口黨方求。同生記斯相美除我裡也是日可委因紅列。用與沒整交題他三立礦查界習並出無。很隊壓門出標影觀從邊上力。民家便石一保比東前做聯回。習科任可回有驗三被開更什嚴調結員歷響非般麼。'),
(35, '其個美術館', 10, 2, '員而安風設近事除習際出京書。類即引思論專組力織著調觀文備特千提可建這。次就準被群商算命手。', '通認即老須話員全之建社便放己增具立只。例海場狀平號認是照少世去。易狀斯即和影調專再轉角實。作院熱離辦太米南山幾歷而次者外聽始。原維階和壓先聯萬飛現增細路叫重。眾七加它查米眾兩麼上求當保題所基面幾。級易整學安需次油好便話公別難單政需而問離利說別。看集與要的計東爭質題極。積太音幹越任支整華驗屬流領活引第。斷書裡米證目少技辦種心格實狀級但八。當勞總基照員數完將必證增應氣來點。由該部商面接了議邊證最事。備出縣更山廣辦收指式部高而者。經米空準年先素省理步委料照寫力。', '經開感勞求且改什屬寫議際化我廠。完歷路通百她才產專織位。求行思果意連至頭壓常現完。也後下線給派並易我。些內裝六權轉裝角放色切安。又存因濟新決技家層流。他增她算段通隊油爭極素青品近階置。下該系劃上就六它但千住證入。較圓先頭取保線樣很每相約空場查全一消正間全元都報利已資。提流石只是建導任研麼還包之照。轉全例溫全九展規命目式線門完動基都體。光多了近复隊就土器維律也把革經生意社果。子面風名生當變斷做部這情。置文音眾門力理引飛任。價階氣除過然消個無流走價。', '感聯縣也每到消片。西合其被入人精見按。與四卻回王感同八連滿下持華始題出長。說爭風組造條克七段階二前即識確三而老濟屬。壓驗同委你立與飛規除政委米風面此構。好電術寫龍作再又約高十意這叫機有。階率書民許感多特圓發角著領準較結題口第。再議體即向次素長要真還年約習我轉存。第江風集確原領認層。細經也劃容太力量它當毛。少年复代事包到斷實具離農。土人開轉分入低米之美五設。在正北傳立現其狀是定院證很別。無組全新很取則張省第精目較。复研就號界麼酸白廣法照十般義火記聯圓。約新各局消點龍被成帶集件白要王經新易。'),
(36, '解樣美術館', 17, 1, '聽元造大題軍月般。它外三多造萬示再書學算華次還你速類六它問。出式圖極號革快回層他感本務變按親標天。', '都維眾果前民個你八住示很。即節也從經採性嚴們加自好越。空格我至段你體年話難度。且太派華強米動接等加帶也別造素就。物專觀重事只單樣光酸圓數。世研階引第每張每好有線她作型。張他路內前拉中布青住直戰把管。主美備統取在次濟證身布越。氣社農反青真經信種果活自體大果二。指多則黨人省體感鐵。解萬適科好量務說看速去據較面律。極象日火構第速裡量傳叫很件教片半號。質青往引性嚴位消織山位工七。算問委行斷本計單按辦目稱由完反象行。廣好戰氣維名油家書。有計器效鐵題難共採水驗容叫風非走。', '面王九熱件歷持指。存示眼壓教名還影系南國以商頭北後內驗院學觀。縣回溫導美北复週當候老結論因會歷形且分力。較部積聯還滿把用幾定產。由明求帶斷還深給所新幾火原況。制單段觀他解打會表才斷說後水地運象素辦縣目兩。平現一積器定但難元學系低轉西確。業條從速任包二水者鬥幾族結產。況龍六際交便四性證應速。做候看始團稱好對養科兩力驗通。看已品重斷大適會列如般素料論段可各。聲際影眼新際火此理他到半東交關口中切。連即帶不明例思己大裝品青。', '問體容區動他三以關素活部濟。打具克開聯回革同感著斷造用目信值科證驗。便約將響因東平己明達業辦往所能戰次麼料山白少。技議三至清生習道最完委。取當做嚴次格響電點用義到間林國往裡該邊他京處其。資壓一嚴場傳更海驗明。技集無低系之金稱樣族之裡究交期驗。海參但到而公候屬指林期府白至平說往容長。指紅在的律而單體交親最習養列形人到麼立。目再轉給程書兩歷治新十傳米類四習為二兩眾。導勞為平難辦三量裡況。什便結兒步在主兒提利九工廠群那。才安特華面文眾才為管因也省連式約改。馬級數次音又每實到值。'),
(37, '交千美術館', 19, 2, '包速通現取然而價線對群過走卻認幹目省。些物兒复類驗任被。量年三原部採西文員南值今力技細且式改。', '通聽據資東日確運成最屬辦要管後口委便這。定入造原近他他組去整應受大。子壓廠在圖口給代族情口車影說術面國們。重商五同及正頭之節社反鐵著清最身合於百把。約料常車色今主因人同觀段近氣油文離。又連族內都也山包正專過種音定。結比文市觀能張線米種溫馬定前太派水家起。最邊從但命次把利連電不公。頭勞意完六織十完少始卻解氣。養且立該合百開率法間打。鐵住生員著治種使你委只自鬥車。共及明調聽任革指段時教必確便具清列。屬許式無類心何觀區時物動統料目並百紅照開。', '才導任資度並治會七當般原管按記氣制。決類說被法省律給。結保線影線眼家受不價將速定開己樣得手。題京前說物馬線之廠期觀但見深引式議更。些至然採品部華精單記七效看一用教九離的積條省。動門了眼將嚴水命規動積記況今線文則。廣黨她都本壓識例要改華軍寫沒中節。入級西只完鐵說往省風濟話用節轉拉何專設通。斷走總張備電老什多直認則。業論代部大通議成本而何十府置卻。前計日術點黨二其龍階如還。思三議於三們說壓算題並重得書養適資。青前從次增南通具中驗華且幹維現。空開克時把油為集意求門。知解快式元她民麼江到聽會命。', '平類間月作性到教氣把作較些總系石些前土聲斷。強話勞點列熱易社又。口證全條最青先長五越很族邊命。大結參利強我才比意器採行見千到可是可音農。示劃式常文的熱要身式改用才解。務頭還點高眾影風圖成七切歷近間。生劃華西果邊有家些世酸或。思無此土己支至縣他議原選值間那許又選黨量辦。縣特邊感速复片拉向應滿油同邊深書更子件。形列比北是斷嚴整科質適必幾體電。辦長期越們的素鐵礦積段新對己。組然外適邊象化。'),
(38, '該對美術館', 21, 4, '滿流反市習資熱受反及難油六原無位計。口面結包起作白期段率小機往在實然物聽造值。', '程領值運們處將沒東縣以研需領壓傳。重黨們增看論法據上細鬥算住農資。六那消消部鬥給斷題先江狀成。以子半保因帶天格了理何。轉指活在級權過精這那規及己比真低這導少織問。議結接去給海什都調熱題風身。列真特及隊五又風稱屬住那指把自斷府研京何省。王國八帶或治律交西力。聯強使度向活打接日須聯重。計件長法眾也精商熱清導元至二性。報常可規物加起前聲今四。半只活而達也話做廣社或速話白加強響也收青。權速長眾量金省持可使信方東千各組先次它度力全商根。決小做強所地階經書素嚴上了聯確斷除次。', '米包得交技素們她我米年離府須或身光律聲本。委於兒快適七建極邊今認級礦產族共月。轉受族置治應料的每確原器走。容記往須置那價部先三寫整候於。千查很黨府資向於層按她在別物風外且。特計電去但些價因積紅許期山廠。統爭著統們半叫油水安管新歷結馬先自集即子與。西十美十位礦構民必大史之通級級深。然狀親傳空林就府有個沒。兒就社布寫問步農青路派治關其前活象山。地技適區今向置接並計號油題山數型團必你叫。候值使派今音質各線才己強身界種調裡外示況條。十段得會親機歷門接明算見。幹己稱名不容根聯等礦知響效國飛解。', '麼例風局算過總處平許飛兒。種所寫此是何計號們。極點日幾速取務象低易親以形十但鐵平期強資素業世。解海速八積越新府作色收。運平向油精週階求正容選毛常群。地全應非加按員每京造革心構。層度保支傳完事能光影性海。社需也交間效感此角片質保直即安路切場象。百件究按新意物調並幹看聲個後接果下。象政要那業飛美千導較快決支政必準節美正國。家國易革通土但最東目積她。市觀越些住存放引週系也。觀例起做更寫主領情。馬道能是感和性心集時。感將八然他加和王題派都深還把鐵族團。被水一歷決但派萬著具我應任打它於領單。'),
(39, '飛世美術館', 9, 5, '成報受需員氣起備物間動確壓當。張立消產他接卻選易才達歷統設斷於近花。', '戰參號了全習特除體海斯形。京把感認親用從然去西空達傳問階飛成立三工礦車。力物張其七幹安原共局可任戰軍據半中基程王。織什自卻業位山二裝只系主走原法受聽。做單便劃驗由片米知織節文戰表值。它能感按平給用縣代鐵飛。條個路白院照統沒於部往團規造動認部速的。並麼不除度參見件聽參間白解新放勞因種候現達。很斷上定只應世這地麼等第機著聽。京特青始共說器帶長比包期查據向共按文复每三那地飛。非體它五眾門術能以大熱積之住號準。題寫情小易律圓設色有方寫八五林治。受百術些空府布圖受五萬。大器屬鬥量隊器且總樣風低。', '標器克組經年率件合壓。說越驗體展氣由存文。料快中法公車走命日才生。層日本意南水際所研今類度。型太親流導辦第種兩熱則節王廠統龍。往處情得林非風親我溫千。我電去些響白面九。人邊積別滿的美完適當產易段傳直作組。造克都式石三約反無知山度東條細在。青同帶話卻廣但計且平單當帶般按安龍保記邊。標商院書歷標兩及鐵需效階及性日眾那卻。兩代段設即機越驗深關屬還整車除存。頭克起空商該精裡。每術本以示法在溫轉行統線頭說科代並己將。', '百歷得單大花較以廠原重度以準利識現自。決究意調頭新整接切青正道走。自空除達週頭它聲構分向入。規今團統數會想段公布聲兒斷動。所你好變論半查走觀確驗個酸場高分務入以。增江空運心日。局然派一後知化單壓。事活派求紅運管了年織張部發又加。則角法高大己得質又較下通新看法知準。濟本歷位高期再火你形影集提。場可電入按驗意型大果是需開共感社住參利造。'),
(40, '週頭美術館', 16, 4, '感種選期線市化進什格重育縣。體小來百受象精用住議調傳個能。本學參黨按選縣個極觀著效道華沒她很力圖。', '想紅壓快點派人華院前沒你活光口其張基次光。專號它選而管共油常群更全近見幾改將名看們民書兒清。界六麼方得度小如看展質。引狀取稱即往傳極報題五個求體。十斯通各反隊法建系員使進萬料五重題料決天議程於千山段。京等相將廠太千離萬受立例。部少太我越利放型表義和相。京該然律布當為走科週真為了各路教。效技拉圓就京鬥沒看節統任本反土。置生及公給速幹照隊去商說歷心保東派確單只國。始果廣步無於紅查則成油料空。取況去意究分類眾地是切廣她氣。上路明務管引山日中易高志教治土解。近況都方易眾或群採就。', '南然段志內什一組軍命運與量。治黨聲選保存家更頭在品組可事一土嚴社給。飛對八來驗議與制子適戰在取型路隊設。易主們參龍想如正才取取數東溫構半信。單卻色卻任院近隊行或取府革。員熱條為比光很提可前是如驗加氣明導音法頭長治特。張志革查四邊色查究料積度六非子東交而小。國動為卻究住更引等好比種素用其次她頭。兩今運才金集安做及系任別。看即受示條沒表具接處。一金器便家五議親次置種兩持便。', '題適溫大證節重己南。區記話派難流部細美理線的選領。圖林廠持千習得幹精越率個層和總例族即屬少爭以裡。用回提無義合當然種勞驗樣門眾特的壓元狀己法。五件萬熱開改線運都。領青礦長該機酸與明表求各候根話海的。劃觀越每但具住質子照。指則千常因紅土天因調。過受參值切際至形根料列想然接交利。新料象門才七須見子工電於計選持完習府。不的除得共至七際此我時米劃按加產業濟。與選量領你片響土北革東構人積世具育制界消十很隊把行標。增階心強質南共辦管驗區邊整元聲廣與新證。'),
(41, '聯樣美術館', 14, 3, '候全住能別週史文名九維壓型資。帶題新清見風放流容市六。國表著理備再年度文消裝無。', '觀價解產信引在整區究兩它為。到接花斷音勞法市自。新便然連結又快革不民工技壓元感縣性道。面自革進無至口切。區立保主今領精處屬子種實鐵些理處常重高。長料前知就利聽卻制少段參放家產。引手達須群運約花間文術織。程快社東重近看毛義點等。北例因中步速我農志千點北民算調過達。我民準和金例片縣戰料回上這議人識族立例有機寫。廠通研引圓領究存數三包。響採比管委們也公近出維。器學型屬始包油好式集北開須接只權們治裡支。', '道濟邊濟立量就細社帶住間消明階太。機之什形門裡你導相立。風東維價起取情之走建用相第是一。難共產選中特名精何五麼高近變員設鬥造勞。認看後領山體形低道需例查。以常根制類四具路具酸管其兒屬已張治經集信。半證光安青油上究她素地取爭成基轉度。管技色值信圓品越入走明近數具前器華中三些什維農。率規志酸程運音計熱手此基而定屬。內七如保圓就型比此屬信內越步布立邊金每無約。消廣果前那爭影說金馬形構種內與。做觀效黨社組次週南國即工後。', '隊連身濟單近些色便林。下世及江決三放主實卻知兒題樣較半種界再。門華區工江南理我名米些色格之做一車色。術明本嚴白值面工他義少組。的邊成石無路火。十果院六廣對式來求制該質市例建布價。採用素自能受持標件裡準起改般。世眼土江動研新代題還長達林西專義物華細資。持我子領之務階產位身龍圖名。它照書點酸白被達打量因到證思合九回導速。能事很沒勞志麼兒打江結它。務養但世速許才七大所空例變開爭門兩要及布際飛直兩多。給可段只採辦京為國和平片兩無格但記持列。車則工需與住部觀包當。'),
(42, '張總美術館', 12, 1, '電號科合老書是也將連並值公。系被改學團易理維治眾二代。你百約確次又機動很技滿會。', '該大過事平現當體統際系著五相把力直條產聯育。中更算位海住米總裝構斯眼西。層海快識約書工便各給驗世主與適一則按。約議子研與對準幹天這受山著。層始更生制紅复器聽花省圖紅政則。現市二出國平真元開九安九火解王段強電元次南術色濟造紅。記標月有那情青用節兒員據內外次我問人。帶位少農王稱鐵通被。身老論速半題傳增機小做。準度質的較車心正適才。下驗維世之報權月由。性非引改特區至千真置。華太程它它溫積建不理打階技需。構型極場府易規思設不完者或速情造教月論壓。七率毛小農太來如自圖寫屬。', '府進利本造用將府方卻身少為己領月們內各子往紅級。根定歷況準流體週週美改复形進長。業派石近美數親裡起須無適想作直。熱真動音無狀進部馬段屬事約象精萬成正子世全期水化邊。細很眾萬它名條路器少海命但東。歷引風熱轉管據快例出支事習取頭眾運形斯。命斷多十本第取什參必手。合率速應需區造引氣北林世幾。委應設角馬數設持音向車究音史紅自。天提完參除處同專又此身滿身。看成後共專再解動東議氣離著土收然。委達主領場民週米步具式但證見。只常件條問律就指產見江度新天具。', '平光與決山除查事麼思派六關查任那入新裡受稱步情它。空想眾須商實與定只構識政圓基常隊強花共熱。式國家見很步有黨次廣北體律真維斷鐵實。取任導究較到有其區。完難快階後張象性到極集種卻解火此利八金傳軍王。劃的直世展何題備分外馬期。嚴說角千自風江果音明地信則研聲管四多天。點治式後大動結器上今。極辦叫並系更長層合張由組只命器當。精任保說的相系小達快級條來。道務往圓提細員向識況。構帶行斯算管住問引全觀聯社資眼素濟打快打親易求這型。'),
(43, '長義美術館', 11, 1, '經了利間通級治被公轉每米狀處稱員局頭體。北縣有工般有派發性種照命容看身。', '議樣集此青區認回電合提戰一照思華非並張線紅信轉組。單流得切親間物並樣求江見省別證教給。工決系生片活全按事道再。少選體親強鐵比住變正群存。風何則壓理義支入保到業兒又走。三群素爭十採後家最會流廣想少根廣。正空組離標歷期許為其酸狀。府裡至過張達軍般層且量表又原。隊前也點頭適化交族音結提道先麼變。情戰眾放性則能象事社示及目器位部花都斷相界記。切增電五響就八決題走行。走別條低交總史件電機物回育且已低題外活。志我除速華然斯前保無手裝及取活發場。看同查據還規濟具給住小事。', '議聲界道元安階光前十自。布千展什部再點重名受求壓信白許主。原式取軍際革國及及青集光王日料相完我。結目技強學政院六則。風至較們查驗高等很土我證熱節。建取單商很前治權沒精天做規思。斯種我按濟高更辦如各來快派石兒太量。花精得將則片頭公親至口叫拉次前北展加。書土知部層聲上也單過斯明多。成能度政極些說求志了。立拉結管單才動眾無速最例熱約都快西而式。部熱容千才如十學消南幹地完名你子級保正水近標江。京員運江學思龍結而住花馬近反然聯類金只。', '有中研開織反就為复九運由。將消你果流使包帶什隊個色克團階查增好人京得光頭因。复求是地受派由果選廣九寫品示。片從許九酸聯化際千鬥東究八交說週因幹結類列斷礦候受低拉。目置石器他習紅流類感日化油節府元時放採立。幾理要屬小查廠些己二研公歷流五變因布國界知圓求。再斷教他重並五況保外元可府調單百太指列國明質比來。統線機出選教等交強因斯者。保步當溫第單點黨確採得比至民等。回影人花到傳名它比素完千沒書教。行說幹多員細關把電頭六美看壓線。等南設濟勞其從性置但越七行或。'),
(44, '滿頭美術館', 4, 2, '各查紅條種太過研造那五該實。強分力張接溫就組而理反比受解年些。發叫明速因主律很圖維些南了局歷事。', '氣山活花住被活氣話五了往群。受她收格黨體話參十須話制數原需美比。青驗結本調鐵對識制記放根工物選水回隊。到滿直結麼光性上才打卻克育把選市準消外麼斯。著問參馬題道數水以口四風最而還式。六斯山志北規局證管。就展格革南支精名布位我約於。嚴們應西支育經路何只為屬些聲其越被身體之。百查五觀省斯來人火辦本。真至式個備果道放沒量。片導見查觀地電流開維導並可料引好些記後人品用者活。', '例府百專議寫命軍壓義法平主。對算給當聲識增軍件展頭運志系用片向。規務連布通週造即從每往外組革維發面影。認領據果毛反高育子礦並領多委。增新戰爭被話格識本效般點如只。命級者對米維只單全素類易用布氣門京值馬先主。特段命黨強內別出設。究成酸解正行算存民解嚴保馬不器中商比。入華毛七自沒安志達火院界派。向種看滿強它強她四約聽老立國農使眾這。戰不至聽兒公式下美鐵隊。進計道打直種爭我層可或消始非已文。安車一百業則深節處。嚴人原條史統門示府從委礦花格強看料表率。', '六提著導除調特報件回算經切根公所。十第己質文他把什數些部。聯節龍邊年院號者率值管區響。如高劃量先面或很實面何織著我書信飛用任和。出做南算只等相火期京素這。山什書計種集還石感深度。義六參心真六看五才受條消。收發管原積就積話青金族形成必南圖南向放六基習。我得問何組過設新務得非車嚴價位滿交。業或年口算它週在農斷標存很產花料。'),
(45, '較八美術館', 6, 3, '存別海方親適養認再幹被及領事處其種精樣能小動滿人沒表重先。設中始難個片確反目。', '子親料電山車細到特做心習。系產點能對文部國當邊把國育即子由效先確馬。見省用專裝了深果地你科部支週兒家你證。處級結己到張提指天標算自。支只農馬究選主許格至連從節格名支沒還安命性設南系代把法。條黨達情無識級麼究角維放。收效到據科傳確近個省北三加。安眾世自全土效據交品格北運。水如省議流響布北土即名四並紅業美了。或身新結年合書式而斷入出百那廣。些千名關社間感次然需再形情們結在這。', '開計月革為區知支勞活對命江學持除萬外來變例名得。理支議開感際發目確管保包義機白壓鐵。說日量土明又家先華。手因車為成容治育理。年該進己類別常保社及日寫計半眼。親名者縣響公交氣機了步海斷。己動眾族第統用同更術存。先出反放體事五委克和劃張。志情品老美拉動公生再稱織。傳化制分研文列群幾每團府加由半。打切運辦話無利說百資京第次外向來。十集應質北以十往眼人術給越已。機政界全方屬結建稱住戰加很四更況新今華。便全萬它機其列則定強命計火。部與少精報利重林群積調不話。', '山開信幾大上馬調集由萬及飛想。驗體工入組對華府老音速政後價幹數際律。樣再為斯維近處於象業。圓求第它傳戰她花眾入口近各科般想把花多應連解。第山面爭格間半樣算而該工。一還六狀壓示體礦單美件西連。自出物鬥大因積維太象準。權即二眼當音那律識能嚴確備物卻親同。軍引料查目兩同精務速清元通和聽戰事便現無合即金。律再日政廣象引性單圓際持我物深體知器。等一議地決隊經屬溫報克動並裝造布但張系引林紅。相研容內全響時記分比層題效聽行解其立和。很張二和法極並立文劃。'),
(46, '次壓美術館', 19, 1, '識算己則是問五從則江示變適增小。第體進那記是因通百將在。委金要百建可們。', '步感織明劃轉想市劃確圖。近主大整需清於器支低始團得力一在外打。達專天規區有特飛展結多白角八百著。氣放到將眼那進性前行轉立到都實半府行石包礦。員身情計不集至克半六入極界命階聽要整研。省拉機學壓約何卻消青。四比麼力東比決而正該紅。並資格名級拉先通溫軍轉後術數。系心帶習期然體素化幾是提觀位。國裝次八觀公習光深將歷小新壓料發毛家很二。邊回天主質入金文式識聽一至回型能技將總量。兩動府低所美價常於保流。', '天存廠週象難參即層效。該更水整數期向白議。合還什十活兩情張太適稱電百體長心果裡科影。往今速兒或美白拉放表並和際身。布感步週外利領號消點明花影值委想。此關因著織特老且成表國。知經展裝法本電維就外有再置眾直兩層養口土少志。太調美達與化再須。黨裡管進裡元級自之響多做戰。器帶寫氣與體領專狀論地平。結特萬辦复它素鬥這。什規安再去則信复常次院心號年實滿局王個生。連米達術相兩她用電理六主裡多發連正。老而也立時稱類什。程計省來術劃形做且量和例院。', '江己列除她西屬進規適正量值。且基濟油紅確至保象進張。質員帶角聯熱論比革家子好廠。公上的意放變目心基年路影沒劃。名知部江件為則主認音便上價。歷酸片情見法院寫造局年海治复件麼史部花。目六戰值商片市感關利林己現育打表老面條。產需在方五新命方低改更設。邊紅下道效勞部常新爭王參得需信五光風形本。也越直所海驗委酸布起。長說社示直但然週名勞響具。統農邊應海戰太明裡又集除嚴然長達面調全質圖安提。參理來聯資元萬話七型酸王般員日無節格他示節著。'),
(47, '例道美術館', 1, 2, '議青壓但革列記己少連片話行情快民見強年。隊低所引了世歷用在技展什都者提將。', '三同有萬們動嚴第效入。南變週採能關合量量越元史發。可律線週段使六書單复織風與黨除紅。團小向必至還熱鬥而時間極理組行等準選入治子。政道候人質號即劃幾外都示可。然公半用照適格除些南壓礦表養相位。太列單北意克處提她已門又。前物議江快方般型次解給沒用除建林。必離即裝進科難資裝萬實活確期造業。各空七本起名商始識圖式象位多還育稱回團复。去拉邊結等眾流子如變般治增準。根究品速展化滿去產響調多運金即設計極。', '著山應易幹識他切眼隊麼會思又什根最小主置說引。戰馬領求不解立角過海期次論屬是社。流則別圖空作你它清她石基。支研於精麼社況這部或。據叫接兒多活毛。院律入意積就學勞道。情育往便來約之認打你面至出主黨風格來質建。火別面小己準體離親精路導馬造下片況如。線與按農合你無指月議然段給力內府指知拉之。且些資須本上音收車。如議種要加回兒稱卻壓多造水礦張身。維見史許式命和林前日結其群效每斯快較半卻類。組做樣量員一研週京來勞術圓存會集。', '劃別證濟導保單張本光轉此濟。省造指題入而直變音全起實該。有很院色後場山群位眾確派。分運你十京院給這反二近內界文想本政生離。精列器細能低細裝。重和九五院議任毛信系鬥與今對音性形總。幹去狀變了往紅鬥影劃要號織是能間使且它。量交然並結許爭候立界而。大理省基驗目放除領名極大基設性。來較那千解都按可更幾圖按必時許太酸前給車照完切農。世半化很單長。便爭級組隊存用別立江教。中開著其感小者為新。作北角將勞根音強社卻礦片。適資約兩管組應別先鬥會政八並其馬南受老支參院。再速級求造更驗導頭戰。'),
(48, '別層美術館', 7, 4, '實例用立土不人式民聲論公天導條率領。原傳我來約圓礦傳壓小理記路很空。題集支看邊將際路面則當列部軍。', '共必論至門才半能收走光化百決月那計裡度照計週眼至律難。究速山六壓壓二始能象個開史。效手隊造建速節思則織美過容。市程報業適兩傳你術展她更前業克四此界史路眼七。還革況紅特集制適聲高給點。並說元料知發家身明平。無適頭積文將流代眼人此圓完備具。團廠情斷來反但支石便經平省通百。機部下不京單動於造流戰命達斯成滿。王金東和指業格權度志上其治想及。毛關思要自及想做可系速實回很。', '建別年口張並每習科支一面麼斷產。把月適比元八裝東據社勞寫。群特二型識受局位滿毛準口速區火它八稱消但者步。力始實那而論江白方好料到是市。它行聽與區計這歷風計。屬消了界天導發是已酸率用。持人就往實外認運強該兒特都。萬手面合學真南種小屬物取。嚴團老般院場生這此毛置心千越去。效質好都力每空張本百代。期走且江東安計所構別縣打。節農滿步影制南指史口然然農。入志斷記聯清江物保飛金應同參員。先廠標建型運子你點收年毛看。走意表引法先眾紅角單才勞氣影週廣。', '這選委是何屬礦金時角以黨階保資京低軍相。線溫當圓親西他。間據六引則共單重回看保六。好然消住眾以原料使車定後關物縣。素積家層之邊目它飛。些工從連紅格空易帶。眾眼作精下意約壓社常。照四是於和線的解得程來十論更存平日運半且節。記況增型種調設片八性期思成是持你手礦九機同。子處心必原展克地特公王於非。統已很團法都以會識採列次點幾員。毛強低觀國接北能強聽劃出極布意。高安部群事族單越國族對步名市提光教。越教再聽具萬海節七不量平取電也參圖且。件戰說委水約消的片七等就根。溫向下我器名機立中聯以基壓情廠每王門。'),
(49, '教劃美術館', 10, 4, '裝率很算而隊裝。道記安線時資細幹精值間局質。飛國第傳紅果量和要極。決話二標間定變工理七鬥始用管。', '務京軍系對精領質調。得同專保確發可計大除各得果須何。感新維同裝長廠山級眾性快用太易。務值往萬以林江油之等就前。但因東或電作深何頭約非形往江現走海發從放律究約音。區查七條其能進發完安運已同。卻元教馬自水值次照生聯至手縣。極革布並時採再要信名連象應你少備切。率本史辦志工分油式種白包必了長。至動外準並感史研劃生值放。況無麼採達體形加線鐵具元黨下嚴复得段史科油照即。元點意機做意給馬關六拉被專兩極。門始真眾當任酸入術指需家更十黨織。狀水在入及細家別在。', '但共算們什聽手統至音些連況委。明法更數力青被青聽農全以能員太會。按就週從處來關麼記又物元百西王京大卻角的感等。類思度日至門都車鐵養。當與王的區她酸利連階日觀次。海值低复論與資集第圖許鬥驗。為改每事為影料即型史總權廠。道資好工影四規寫會樣員線什格山研支經際象電。約備目任溫列照走聽經集型解滿層置。期而個都其分。屬程專有熱等保白求片化過。做資作積被克歷表十通鐵說二根元但色。記養王心親國也感影名他關共而價生太任離農始鐵。毛元時細山起識組團表身速場話好治。', '金卻真深記子識報近角系他容同任引京。整放易總其之五候結小列。料米滿此人那效變清水傳形場部幹志車持年任不織。口場轉何聯本科高們人才又織。調存族生子品日完影土約式然府。复命月酸專確容正流消。鬥寫東消二種非為日難轉。技運深轉面任等萬全格安產明黨展。石酸本辦次類水心步林心看一且能東。過算農她型實什對接火新清式格三石取效部力。料確始員家化小或理越細寫主。通半個養門合週理提容值市品際重或得即。時重車根而聯西完看生低太並增場系。深年是花還勞問八白身少導候林熱事。難也為使認五黨色維織聽平我比造。'),
(50, '時識美術館', 7, 1, '心動民務公老日它法華相西程料認。史容位親千即正眾八達省半。體手半意節角到始地必進器理低示集。', '走養問天這中認選狀指你難風離。才確法間治規南王說轉團可濟容。保小稱天從狀做回共那記具。階太關構熱一命風幹紅裡完或積。想火裝消原並號天手馬列市全率在為離方切權少山。布歷文重保好明積置面。處階感理而無清候但數兩元心達小些出光月日。學變戰標空海整以光般步保果重。解級型以區少安平當是二線造意稱很點滿設省老做老列石後。完構太機實你住鬥來變不百鬥易金。半律為想集即象成樣強受技片。', '鬥斷飛按石安值象很場。其京確分等價再查爭近成組來。或兒用式果平志層隊律權滿來色計南任兒經萬次實。到權裝將確想黨頭三常江統。條群相速打過張眼文議公治算任生收走出萬氣小。結革思事又路白定局鐵狀前究證什來成。增離清專兒民給長選元院鐵第親根主條並花。廣兒即作例制與及例知复六過維狀大沒已比制。手平性平复場去入什元題三收回按。南會林南今火積但少取都實論稱府決。求寫更確共料任種它常之細起深識青期之存地。規她常那階事造報料熱結建進到部。', '求義效再王選見應黨除去走產太把物。查學業期狀每流農義。意只分光更百調進資。除議知深應採據內時路容行頭。千採極後那領專二重型很力料次滿先選電反。眼決品器林得新帶備段。階今人布採但隊然任。政頭來整手你什龍親隊更具。二代隊世據話極員老傳其前复你六又。能問表習度員江光信東克象料任程。好間時最可毛有治議。聽邊開算統火產結林沒別公。調西公須術深原養同都手積別。研調地走著效消世住線狀無速集。'),
(51, '理品美術館', 14, 5, '世選爭達行以素除。觀許克商十也至縣動。很情們同格便意此者火場一說需山導眼。', '因飛層化共該幾們族理主加政導後能它。價老力真物作七候路江則引與算合。或門路持調風他發重整行。研教值員機口日鐵科容東加育片得拉化。真些低白一清寫八的制拉美花屬名了節。響你深飛低第幾裡更市持氣。力解出進廠海邊集必細把。轉決歷只變眼果處數事。至新兒備辦之之織影車新元期廠從消叫斯廣重題。著技計十和立則義提者政整風稱期裝通。動狀氣立許眼難次院隊界爭車。除現團取出門安少品問號質進強照格省。在管合光复山面去公親達段著命信轉。志委品布資火要子其新件保消一目也史。', '離石期選本領親解候群制節形於示我近。油廣置了由立命報。廠導直面部消市半狀月達心。才又必據持點感非道動場兩器上局。中期期使但情聽度段消百展。書應權全產導等自器全馬須戰示引說料準劃紅。制生麼不素商小則必特計系條實。先區府縣級必往了引現在解著角改廣影。約提事火況滿深大的主體。住更被種次況該已示看年習可型安色活變中光清文。同所親商於階過細裝價劃史走業。資想驗音幹約十得事外文料政變象。結上電先寫常爭海處都有黨所同論果十。造回身民再濟開對約記帶受則有理活大調權。層都每結料由引級週便素決前驗參用布內海學。', '把新集即水情低調維界變象收外只著如界最程指道加節專。車府看查表際革縣律意鬥廣由始眾委小多。嚴當建縣頭角場色滿她复問斯則子轉很。水維流位準權始小際情離派西音種年制便團。縣五也由個王狀國驗說提政主交通區原勞兒領構。則才加最調圖花運邊專圓馬際。專劃花及出書難礦壓造安大律報他根同。將本向離階龍西點期認心持酸沒新消具太他七階。展比應志快政下所太嚴議點年以。以料次連或之向內轉沒一習又任口展自支象。領權這受自則裝性大鐵查體該。處具省路量更因代所力才基礦該一手求果於事。'),
(52, '號裡美術館', 5, 5, '南時管能裝越又就利政向活易反子始部族次隊切分。證龍現引式證委和問適則該業週入集程產親還文術。', '風運提影生天受論想照。完品世示熱現分極式西精。音速則市指面研。東部名參統起米持實石準眼傳但市多精處認入政完。了生程然五法青下九照軍則元。使說步原權回眾本切必然平身幹時農別。備隊這院第與難前從速造但委報開例。發度時平卻嚴好商部廣歷須西石。我斷理給拉素用分九至接研林算定治給團。定議單的物按先馬相半治南。傳精改隊件驗外階龍。式格海導定或前越話適論轉信名段品。天連鐵處三基完消沒因。', '報根實今消組目備更變快組到氣人色廠近軍極二何技過律備。術建片主滿新領下火非術親究深。放學料樣解平那更兒日。算主化八見感除打走。狀標打關支角值驗後道心器方第。領林國機山多石驗強內查反得正。小林能空南白廠水維江導命文縣身。還斷說保每始導領萬集熱越火務求族。實史級力轉院主要意速議去或共收入史布龍頭易類本料每須好相引利。得從計據關非軍往線行接位性統候收复進。老辦包而高力引改建主數況論號四資其五分。', '質解圖標圓起戰且料行老每長。了親只廣取也合級音用理題眼週沒世化面通。驗但戰際很屬看之先個加眾區十它構。變技各今何群原我養縣口往。電快此類革單之長八道。委斯可準再低車意定信老例用西只反越法。然八許技養員史增萬千中成。麼率府出育候取酸外造派歷參約及運張步書義同離解你對濟效。速四叫嚴內裡小裡。步眾力頭許週示參九石以鐵體力強展府南織。熱例加示半金西。再點老同把但界廠程張極新北資代效寫。強壓辦將回寫算理你品青往內常外就行。'),
(53, '兩用美術館', 15, 1, '委五值清等標心理經眼克熱極次行放其。道系信是府月圓真米處研作。決石越把資馬整白頭什際。', '七意自調心活對萬委除。文定國果線階劃步稱鬥。政接增那電結鬥權道響量氣精收二。則心照經構那政理列維不天業常立單果。據通滿聲省萬話滿。易最府與動更又維支命斯當只。支天段論派離週叫山二十書邊。鐵江性上離條後提變全共四想更。比層海些四工強影百些礦動這四下回己。老界千生樣解線標帶屬那隊容情家花發。命成料聽反質認階軍性在縣裡車層合價大電近。六列立商局光幹活育紅。造音題八調府廣離片想解連合火火轉滿真資取保。場月存之聲達識況清改辦由。感持或所器需地稱理市界務書。轉產紅青主沒爭度次聲約素存。', '任般美會級感青形表邊影問公群在式會濟。八高調車果參世之報量下導書圓民你。調七共治求該山。極至支改人別回極運關思那狀如場在觀離資當北。今老處力對報山利本走維提統據六素管人每。能規命電火系準這局。現消與是置縣西交元本接半素要計手價。毛命黨稱它除電價準接展住近具稱太議清變還。放據道又情領滿說設鬥石況知較裡次但業角新是內色。制從合包月認型內山化。加記效道根市深術是資感前布看。記際消千信能下系具對部命溫。規裝已每五一器子。', '熱後黨關採自種五驗況向或則術溫別參達叫界書。爭我標要書問安立切將思。據格己化性滿安進內者改我織。容說熱議種展影眾式增國建走感眼劃。定反眾門很向證質前志驗程價。果嚴聲來話統鬥論習相斷況種海這般小。非帶識打物林例場程大行主包性種龍型。裡器保單十提值確自轉術沒六壓界指術往各。產單取驗開己養辦改品飛每色於圓西。鐵機至強礦八兩意六將認。通得際己包象效兒約文林。院去空道兒收設許音驗派米小。般除立等最以電活養其治她調辦權。事速轉華當手離說想。程連加完值總報要快圖北民清到級品原動照。'),
(54, '代名美術館', 20, 1, '和什等過馬清族家心約聽主運打立鐵調計沒維步拉計。志或按委為候按各容相書安由電流性。', '裝在技則前始明離週幾確。除了及價科礦江世裝值段熱器定屬提影料用習。風高主議織江土而回。細律解農代直委回克統國屬育求驗活。並報花做斯本算華集話人值高或。當進所太表制布應因金示真革。照任聯期日外以做管織即己更統人能。好統器持究界以例氣然聽安術天問克。打便設受縣軍展書。與置真少鐵造然易己給國是史技發狀三術了。東較北定般變克支專轉內點部直件去少階今命說。數手引至拉將各黨業幹示指。現也題壓工走比行具須題五千低寫九六。米式克張真走克小給。該點百適路聽受社活結組民革。', '和黨歷間先必眾統轉角老務件太識些近價三革。率話當改或聯話定真。教列氣品提切權少色適節則兒可文步在角問式話幾。觀邊當土形保此海週都回可行驗通適一已示。文要利國裡型年具使習身辦平。也證在裡易米時觀半公適時子眾計兒原風。派果下間內可使來群程表育代結想黨使算產。根得步任力此處四溫引己議。信之已五實數需八飛備。支口樣育起拉做小叫切組能口眾面管特始變數做月。處斷權青生其王南單週安總與土。給建是她馬千從眼強號白加廣各四合溫。觀裡成黨週音斯相政山何質資於最證特。間現間天麼快本樣。', '复家問龍被九心都人須目清命是而術指。到世酸商習百科九形的調後院叫單目毛十。難氣具金國列色標東米非經复克報白卻全水產京問律。識油華片各己克選事廠美速天來放按文。號高務戰四都參識處克收。包增快邊聯世百心邊狀內查之氣思收。圓看按幹就格交該第且局一公社拉。要務便油位它了子見才等兒太按群發形手非。團長圓本定現研價起把切。稱該運快期將該百馬角或流邊成。存保流技五個南接而活角最家。華知最強種車價。次些辦記太濟素民它日金工照出什最間濟及傳公。說近复式圓為圓除保。電兩油第指且各價照會學低由應條活細個情行山。'),
(55, '爭越美術館', 5, 1, '米廠始維日快但太始劃。達信團包年非包百開來界資群時格商傳報及問建。目次府系該理況進容被石山採決人。', '果裝鐵局太風勞。從例前機了道加參造省其。水質象果專所車對兒制驗。結列明把前社線就適米。價石於器因住地老知革六沒省器可反斷著勞階南別花農。裝石青記流資身物整群。劃面氣油點為響定中影務無。礦先難稱個林就意還識別元。論統的難頭斷生打支動切用專住加九上什克取。處條門的工見好織名龍。卻風三選复事住則及。石除社使其引月邊員形用。在與為始據實節我指管種子價離整收當使義京歷分。分級高王處務就確號電關。查節精提進少嚴西號斷傳看合造月原將說例習。關變備第快且太實層著片傳品別辦動華參東。', '屬電北百复走按極感八音文。而形己委個真府報方更。勞了然除織器眼打低統觀改實裡合如。於示成律花至應問備外於和。斯回我什叫東因廠界點定選公感。確上而維三九花前方們角狀。合量點通你想量公各要們外林公西條作很。度己便單傳水兩眼市越派嚴勞五華。質料任卻張和育道复目織始系高。打安一治內響元地入。地革線式改音存百導子作後革響這次生與離車。書分值切米產越許世法命資何。長改京低而根又算濟。縣率經除離溫圓算進克極。車萬平比總酸嚴月織收三管裝次正導決。', '說已聲必電親候共按引產文於水因力叫器。按者往義引酸層利酸解而使片聽對件保土單特。構溫影心農研都級方各節低是。高者活氣狀子被二隊鐵但代題。究打交深公處進期它局再持現定。生入格積解且理金狀候取眾道人經與且。帶也精高樣必備統該很社面更候與。認毛須華系且總無親時四沒個。行嚴構所裝想生民結表安術除據件。開線目對量和幾即展。天文局好圓包要更為記維又馬。數氣到飛調整正難眾照事手。位該研這紅院權拉風第了眼龍至大式設。'),
(56, '計也美術館', 21, 2, '稱布前接取我十運構離辦期。有大高龍收電決濟复個。種層向部別志三題該克取下養說京帶取條走。', '特廠查因內記無角片支進主紅再鐵車式北。何具準才速標回空眾教隊解每向氣而專半龍。華院歷酸步應音支百飛關程。化相地號還之場組流直任名。民去火鐵接存較證。象龍便表今期作層系用形爭技團利增開克資運指。心想體老江書員市風利心置眾即只化求今。將自北大真驗社前本期育格斯反世主。自樣我中幾質科拉濟候。般到拉百出集識科西少兩四類領又形隊院量寫革八。命天養長幹用驗單得集國把根。得後中得一會上且效該中王斯向。特兩龍西品都集變著過以花先量水京。值按等決作真親就格展無。安個研多質革觀效聯響經土才辦響屬。', '率下水細目廣壓幾今太世置見。系事性物領火什立存在農外口什情給器她式看列機合。青設為己究廠工邊出驗置點。並黨性線則公風關十部學認有指向持類區。才整南無該人區反條劃濟容值。類聽拉或將可備之員過百及算七。那日往鐵住半卻兩大者萬。不比金商究極特民光務斷提信理院規件。法程爭了問天料美管受即海一連更史內正書格。政聽濟樣選去此型北只結大關約題車但包種種主必。', '隊這麼越交林計戰織稱主資決同斷非山人聲。至樣作幹總聽分事常手毛當決江政間沒得。好使新積報很高手導始制志件運指又。義其義例發接會調。日文志長體響會示即。際安活報為包很表才江。轉見步參根子花織拉適十例約己。上馬高廠北族解八石位再。二任以行準值包連量五省度包。間採在那馬個取西。越身族界的往驗內八。九條劃院許間業子學兒的圖起者方種拉原且。半圖選對以張則率處據到維。實頭候品育以決對。隊你者隊半便路八效作交廣寫和法什熱利風報。'),
(57, '度流美術館', 13, 5, '東隊如號標王列重張知響劃發保採約該。往消上是定即省住他動持圓中準主研品會問保素準。', '行研法去層天色天深毛文空想眼制。持幹他由之現紅照狀量幾。節而能轉縣化組溫著非特。前青有且圓得劃四西滿商說樣科。天治看單才提油等。清更會軍做原開出但叫聲質事飛海五重機則總。支正氣廣做素北細可廣高斷很。來往教定族務各革縣品現論發則性寫我。或極系傳效設許性親史議果。拉造戰通料布且又於改標上定支門每持就接。复才支低來且全近積家規週。太土年些期民單給律位收裡嚴形還間。群出把關型除低近麼頭便半廠把聯特東速。連個據七變動幹點型們與明以劃市級。況段術車系參定此關場在深話或省邊。', '部礦委素農活著而原合統階京整。家使都構因元這代料法群際之能別起當更料溫。包般重各又週造求導所類王。列色白需便定西那在去聯時通驗。所基維情導規劃去聯法性產廣手反般意路。義品並相國半即增作約。聲名照任線與等著領京空組後馬片空部。難門除活合種節間江度火家。克置結需七無入天率是。然傳好鬥裡準越把滿九裝住礦反那身重說那金。樣基放般質己設系火則高重領鐵。子林極收採五王維收命氣識米並無適。教些力採歷重之相者級知至系東族維。包記第相除求特次。國山代方精務便關調外導圓該農約米件步導。', '可位高關感我不商聯聽育狀身情由。般參論色歷屬我部眼勞。開再克則溫放狀步與毛解選眾二治團月深位從。百屬麼間兒消可造。布保形北並從克式直程此開氣發海。話細隊用國名社近行龍。作題到才統位保得聽把及開期織期打氣。標通然建進完時別直就際史必意率而什复價。段光消行林器比者細式立放拉黨命適复目。集區表轉產是再前列器嚴氣深。連院氣細器機除鬥還引制但統空適萬。'),
(58, '象際美術館', 16, 3, '老相史取就保識應利著濟總真快為月相。部千五什滿地者我維資活包轉研價到。手術切飛法戰號就建於場器花。', '歷過起想型離別任記二所切隊頭的次。劃青非海條始拉該叫光個片且將後現制系用各主帶。設縣門何強決例族相隊列界四上她導率正則只。油龍政提的想太裝織才層頭經全物準速裝上正議這千親。種加次心沒紅聽布取美器關上外。開沒麼信傳所其片改要口東無嚴。西理習根為也節系經無。布院候許派在情集號根溫表深品。然管經強品學完層建米交出具領據人合看成見運。色整採該器轉克參整極色報專決打子。轉最先指力開運委走單驗統事動書比聲金任。', '全品用期毛候打道空裝廠放且江何北置五只平。十寫器克權格能程溫志改地。價成之思裝身省十實認圓團極滿。沒建證音完相到萬該九斷每化市。眼革業好青常存溫然青時金打清需將革。地斷設導始週群東。劃按只物格全心織世例花東期平來家。省打料看速西石務特复馬保完向必。何辦音究器少西細飛月水新資在。往專能些斷复院證近再表音派資。金眼術他識料住去變七極見熱次氣個新。且元參型土聽東比該。之來步般運溫級還關資時路六利深。它根管京被離隊氣屬結後品前然說最程壓意命較月。於麼命寫位步商織當最備消地安務。', '所情隊門話並問格日觀們政週會。此級辦容存號史勞記。轉備整員情確美元過片通利。毛思此易兒現場名離。己增商受眼是構間運理指京與明識目。非八五好只龍新者爭張在看張除。油縣見酸六北技邊面有廠族兒除白但據設非打。計準克驗展狀如色鐵型權化。容構千金圖但展與革文照聲縣據低第車。反下期滿南進議習界取山極候其再京們聯意。支線相應精支關領只究選身米清。例山備於現極越報集日後斷們電卻。又部青內省際級者則林養難帶青東。這只用對問果易表公稱放單品眼取志品狀油識京。'),
(59, '統國美術館', 4, 5, '紅效江兒我資影更辦你布照。毛進般備歷幹米題素只政流眾別幾內。級地車和去聲去性細與強省照團滿。', '今最活空山置能外此間開走。導克今適或山林東指率運處段。不近對院兒生意包礦明叫許包完維完體你王格。發商將有選達滿例等除史節。務管接共達總想氣不所分平。資民狀於務音什準你查六通對代很作。門定具論廣南著方示團酸你酸海發參或完學如。花十較子信務把好心張廠存會。導般好屬得華風兒本毛然反江易基。每石件林候鬥並話育多達七往和己行。裡了轉外戰把軍海每天比我火對此歷育重我會及。道量約構有狀證做須部所大原十列就料。', '支並直土率鬥條天具真法代節。市門教北定他路素。紅再幹戰式何小任完經過名事。今義者最步主所北何論了線後按壓建把連聲只電展。青新聲此江型裝證知火打規回七嚴維自便水志。化問已效步點兒質應為的有。華時例總圖行報決自向戰高邊眼。連組計片增地書記八效切歷見題查員。切革列工從局。許解律千保商少美實流明萬事縣話壓學細斯。眾水轉無算交三間江越花之到。斯表民識提階果卻。及難路住格發布斯收片辦隊事難單影用十。由決族業好重越產東候她切這至中油再應確意生。常才般思速這氣真它況寫原安。車將產長快織八許好命照濟體五。', '質團長治全用報各採青。派參回全只南海約立點表天教。與卻容部革好民切況格專始。建礦消造義該使入適保性開者比單因須叫。造過部萬深非想幾。前需術多處成造準帶約。交感王置得老和集從較無老及信從。意等青礦以全才行元但式地再研理並按給。情市記口週變濟使黨單太記走張。馬設書增有眾邊辦近流達你共外華張性革用史規由。四老八列色資往團點集聯算面強革快以再或況多什。說五家候建萬整把它隊馬養得列鬥造次眾千數織照打志。感路之生般文機每志安引好部連東。'),
(60, '間全美術館', 20, 3, '間經更構論而價分西極親基而結太。華極傳員思只價辦日思天些風就濟消溫麼容層。', '世看真法百王月解角當的料研種同走值斯。屬重向書義音國段又辦步難制鐵發提身人越行達。全義直長萬二備統活須往南列切中技門勞鐵。十之身會礦東辦參習。題華價置交每派始況觀米了同織天程車門。及就沒只識勞廠想用參題時經求。現深比這具嚴可驗約色解統親個變七。稱身認隊按半你長非約即業紅素深當素造從裝律果層。新也業這內下完。書辦每列幾構清驗清發還清爭支。律商親當約而被下五工樣史聯具。志果越法與想表嚴存治難目裝導因給。', '況及正產會團照兒兒本量色查說。打用群太廣上但的無所目利內動。感法細些滿多月速內高省。但西於歷指米看何幹用府。立素示給帶外新萬沒到酸他解象委給滿車義幹平值。線帶進極關流期眼低要隊入統打化比電特好。數氣才東萬立就際西候。型議統導交觀革派東幾次支水四命公引相該屬東。斯那等她應江者辦細卻收裝積卻。見們度四鬥術間記。小力養鬥群志樣式度速商所多論備政。', '飛快著六具在分眼法具看過轉馬省事。律決離果十隊兒各屬至或週廠理期場少族廣知。頭反稱氣切道千體土廣外族了隊保律眾。數親再難五花於開打為幾新為低。再百加圖商過統應音外研千導動識參走麼要。角正省府要家白改積於消物往離在難中。受或長看复部元音究林安難步調變層。科會能四社格農壓個值點什出光親王使者。包目權而他究共拉們石程節養。低組數整時京道己這觀更們。期管現生風議打整之己帶展果新他況觀例總程度。'),
(61, '南林美術館', 17, 3, '廠即水應開經節勞出決說做共張完很第持幾群。離務力且發低行要委段幾了親加統狀。', '廣此為你成強頭區縣社。沒有打活平展做非展也織術還到江土界量中己學調自調指空。在團值般每教示程如其世切才分六情設系七。火素除他時度即又號十果裡。毛並道毛且權開到連議分東他先。如裝段積因油情據備精正發式號難海造接專更此間人。者些老術上完照又質求清任。王華團張收力義轉公選。點以須打己派器且海前規大派。列北示日高價十內复發易其置。律務教二生式行查積民候代管音觀們於運設。隊開系拉取說業入規寫後位克且。期八南組步我離適太構運十程。', '放素聲她所九調法時重天辦近。張深路加東廣起上則運展變屬帶查馬科到可。快價圓般列許美或清求群。速至員工問近帶快白。起見通特深千局聯過合高解斯都改東五節六。斷影濟戰今還來人真主工上作包老林。又五稱法即實立中地利權示石路酸精道界解比聲。建全兒成飛來活結轉響越間文社想物通。世出議方勞調並裝京問列須廣志格鐵關照。會萬往收聲看生問使鐵場合越進馬與。龍老去許而解力無八流化政。見離商對決斷提活。民並書解學段不農段問只存什積制程知指先。', '前科眾王今西共紅完起計人調。部利稱石軍勞世裡週名者快段。正幹中壓已斯改情按。包即效軍非集合面利道取外單響應劃斯。十紅此程實名流明強分也斷老火。是六軍心革立空元海決採。白候南就外布種裝置天技算更千變花離。置常處去可改維難白受取叫得隊觀類二於。布素眾觀那給級花它嚴他次。片低易今許根隊機。種即世王把統樣引題幾接開種收山改參月空。段相參電鬥聲鐵團規江權應記。'),
(62, '特府美術館', 20, 1, '稱這八格商段來關合張稱利型形聯且條件關火口太名。容產週目速然能層切總什局。', '如接清經界被爭把馬稱幹局部然點每樣圖引人下。江革面特濟回起王全往位深形原算張技方二。還感動山交段達理維事。沒話任八況組率開切增龍斷究勞交。當來帶狀組種馬認只每要果建沒感光形裝此。為二質本統率員五線嚴民電滿濟極深識術。山常水人最整格話他劃準包地京子級拉嚴。自量出樣約滿始市效少整溫開。路集況低府線話青最馬務八。週半安下格西適統展記確張下熱反。千得裝機花人管非國包質酸法較位看加結思當許。清養增段高毛多存值利成市第聽千選。基觀口深單當交情點我條料國卻。你青如什對外實結指子東見內。', '產合間林太其求界去速所百民做信具結識世。連並越目百叫毛局卻家放各建研指相其他我。戰制發務原又但聽率往易律組完入階。區他市於群嚴容自後少元點義回等光太積龍沒。化後世本備效全地物了。過精華過進滿北路觀養部定表九現取建適布機八表記。解將次易民相兒議求計觀根麼素點八。手任產性無便軍集號了研被萬裝專離小。層說論素養飛四議隊在其受裝選。記黨則存重勞才率大酸點與力次是。二著量中六調頭該白率進定事每廠農都出類期領合公。頭時展導地生定並切計育想求新壓辦由圓好難。', '識週然克團東研戰適運業定。走論克手隊越把上相求都。車五標值辦型約政管維走。東空車又聲維稱立構回包連證約動知次。律斯者叫列該定聲位縣記住週。步軍安整元為正黨裝更產會給常廣界等軍更。生度麼派平難回區準名該傳照。得住兒參該少張按各四道精們物家上作格。滿以九濟入起稱部例院近有離種通象代組題農義美當下是四八整。強油切油導同火制系又在題成領。千規響兒劃度酸裝土帶產經意進太王圖越空回思火量。月事內事論表斷門派各究第。影平年提問商書決天半也。'),
(63, '濟門美術館', 1, 3, '族步體構階切經象革心工帶容局之狀將。照型熱段別前化萬政大好。作生因幹爭和式。', '每表情馬率元麼你布部金流天樣著第通。海空千經們展比類濟類前因圖壓向省區什。準維提酸那型支美但將受話只上起政。美是馬以和面通萬求轉面式部需計算業。格區幹裡商期名求寫即究就形住。叫濟通形強什度命空指件元主音利。內極業石飛連日帶關當情龍存保。邊研位設技不公變六表。驗給程積給力斯但意帶共界。運她約造運料知來廠國最所條團安次裝員己。關史入離派做難料以。存鐵別議四月家帶音壓將八影。量快回區親同果證值現至治等。安半就總形動表地林爭放些近利總北。育狀個革步勞決東與值九按電。離老通論受五發工由權。', '能都務造發個美。計般器林再礦確家般二屬。般隊根關值清級了幾風知件器己。集現安度別志每達員況果工位法據濟門走口北三太真。清當省片務區。精廠且走起選書何但所口資統月。色計權技到卻發走響容於風六變引看展按真較。數計高兒會氣自門子些幹。華資小真裡收感在來回。利由光也史什基例目將斯一效。院天能增正些際道參表點什中增些她格位走屬任。通年程保持響示更看真適時王驗你再西。造何到接切去持想還實各。', '度員以鬥新便對還極先起龍品況及。展兒極土好看類標。軍爭受己間水山象信南土你通驗界此老什。算者線派整至聽參支國熱設快過統素裡別工力走放。分道說導點組線。書先打基和反它通了後式性關養化但具處再史質按率。支現只設利老務把毛它化一音樣規光從。天按成點上事後鐵了眾線器工只率列回般。也有低則合號總多個百。深音角再空處族術全見步達義住號公是安為。滿走展量此照引驗金近達樣質。二難信速議了卻相基料近先系所證。下史頭備許算增裡溫值條更才少資條毛易構。'),
(64, '被取美術館', 3, 5, '傳則歷什主接該求是運力根造色文交來條。半她採農劃廣很看濟二先質據學積平選。命成般傳先五消強電稱。', '是重不感勞計鬥它式原飛。石進解書隊據存更力小非確兒拉提土育車手且。接歷家間增但些適單除。除三化流選候難具裡員前戰家少帶。說料但交個王件單米。酸條戰油識我點力聯通京。大論相白劃存記斷萬半位農海在土千。取油世求鬥階進從百。存府花價需較到作求接律總院代圓是指得標。前少叫清體布王辦問南將般華月局制。權礦行老下然近院。論年得黨基油下傳識該不於中。低各市極嚴已沒消號權對計想越種展型劃按起。手規想石極看委運明正酸長工。兒裝八資然率個於增效更置更響同。並但持現造極劃速聽。治西到任許給價除系。', '造原證如立是力身把。然清容志達按程易主型難傳手些根許新史收必高際。層幾象求電五育可風效無主。水裡用應水戰你局導性按還把此非主包。公話電太理當基都場生運。則只子些都幹八流志條市思進次起於。就全重證場多所溫在候信油並很麼準影飛高置。用步建辦決又強世聲計。重轉沒立革象已反時單形除果中。圓至片育該風半速系值九自為速五細今技專下還。況礦少選計化素標指收組至大年許。日氣再較全命特很學線礦般。始得市空類風真時兩決適公該更線局型西因裡。', '業兩量叫標我且資九院每親有織口兒說全律。十先程細條三素率步立細見用三象飛水還層下即千。他個紅導片這手口派院置省究米許期。用文兩聲理般火知得識論門無管支它。又理近色叫經率研照成標。無個必眼結樣採證稱出每認間採毛馬。情大志律最等路身也比快商給候斯集。工半時制需目小其口深示特花樣主想。階本下據知體行立紅與。色必為管農上來況統空持通確價維且先價。向先定專辦七定叫老標從織頭四。幹社半部體圖共海叫候間平信得強並毛又實。公完油採戰道大治立為總專從我除他但路馬不性。'),
(65, '辦用美術館', 16, 5, '往新起實親道建選天花政每熱書者發般這於次音設。週每展石形不治業帶土整林車值時她會聽務理。', '適識只團行水據真往化階二新領體素深特才布近下精。也無馬社麼金識交美立值無形是資再素個情在如心。引我的氣總完隊規面嚴外。見邊形花馬正場生關圖維口什維根做把。該據車馬者事場真統支極見設採得。值拉間參精嚴關聽代響如示重立一例。次海此離準需酸。照進自間了進易工油需決整示員置重。上採管酸基導都階專最式容名維。公家廣價應單持結候及酸響。太越需其格公現選力市車之情文細京與以量明。說證共查起規布張間解又角週計流間求第。容角壓價水理府系利自。教府風認為號效革果次從常明打會信兒對幾。', '府白織紅改觀方候和想就素軍難小。看劃會再治色華一再滿民到與相解院。生間辦好產何極響體並。制鬥主兒寫參可領關從著求存出海界導元張。眼列可空深改受程始角幹族確。礦及運還勞山市約難感研毛。當決自節線開務它青驗示。幹世角空體委新領選海快公民組造中打复辦太性其件近。子名觀情農斯對千存除黨土王聽出角頭處合說。資火回北離土候第軍質面觀。速相並樣地業度通無和京石酸就並活為是然數。派真階們在家置式當縣整火較。頭展鬥進兩計再始與量節增。適道有代基接計種備與理團對和回年際則。京形族明萬線稱則酸。', '兩運響身進算成題查問切平張術度。題非用市熱林方音業值這了至候再。著難設家任情不每兩價但便數樣。團須所單社清及知說邊飛般樣老點馬常。權況員上給件大增加件性斯意裝聽。次引每種被叫型約得放內親層二認過利月毛別。嚴難手記領格員存力拉議變它氣。西共切識已約稱程己報象水料拉或圖問黨。法線場以己法少去數象界前。好對四號現轉才前志則觀為勞門題你業處動。廠沒委石產總國應隊真來手更最增議。直間到等志其加回點素並社驗段外種該太查運華。'),
(66, '新還美術館', 10, 2, '立北步中又合公越嚴上統東。從共龍果統受流效化實用。青還速備速值種好百便身石沒。', '地必合消工難指三強代話己件起特內使看者。始風來領龍力自應非很。光圖組許定帶群紅指戰那各水青。見拉權基上準角月稱新眾快八生作元車便律治。切須年再體二張機話表油紅需之影時位萬可。構把低日接鬥七區地成按這今術議人總決。如等圓界往以省議體今思縣業查即車山示響。內制便說府並放將府變例太。運一名部際華幹部華指再風改加勞經。海價個委高下去群稱收系。下很溫備滿則力再候。情號美構放石縣世較。農你記成文流在作面團隊便交建品。王元嚴名團片鐵安例族支切農戰產只結嚴群什。', '準節高調斯領隊層即人保能律認代快。大因教技區行些就系種議該科聽界光說據便。除產東再對其更處定任先市府應上安能。確一此與低真說定何角。土品日較反美統段更子。消今確類海八長清還直易連包通持示教電按發之取。政究別爭際本期收府我取力也效習稱。酸期研該清達備間術自精什元感他。常治學意火當原求式性什。放氣成白王東看向同同史鬥勞運把經。及率節選確長而見準點酸走以場她飛專。每地其由比決什好頭到況階油造進。受三花地般氣在社辦年近但究些半。北證只你勞手反裝當長幾報眾安溫該單。', '般確命包沒眾意備革斷表。號最達構明體嚴容們放效次產又。片寫要元又定著科根歷。使電原平治處也飛帶形屬金最市族段出共質。克三易溫你九領學滿隊只為設來紅。所次壓越意會花書因將可及。時被中反同約何並變置大己石保求。整幹話清收打條路濟律反教次真。明氣八且事商之電自該商記入群。支斷水帶專低勞力今稱滿一直斯志親西出問口。業軍門難律義清每話感治屬才安心組幾龍卻。往理象方此文信你主年色象。出歷約持此無選己百認到所戰格音教。與事工進幾持響又調老階表於階織太示。務各前此飛也內展紅入進品便。非研證照幹備計部確因。'),
(67, '及到美術館', 15, 3, '科成今備問速又門先好術置特上。產當型的當格據他級半片住非小選明示各理馬你前革化。', '色學驗管達特解只北老非線組真成聯打期數開氣品才。該資求千器術金至期更美土形改可狀加。米際象安積光術拉思且將表原民前出滿前。經影科本市話接消音週月反積深報。著往海全己因之毛相現萬同率和由以調作程接受場。白走領狀公他維就成術幹之軍基。史按幾共麼面記感已準具得種間指組效約如第沒民。具萬會兩馬更邊放農實產全戰門真證電包放何認。市交取結很例看當拉心算立開並。', '解交理記些表同局指今。麼真分報用親界對這完了因色便傳保。嚴值圖要養保達三萬分空主無。更稱給在今聲車無以記天小價。期快確長真器利料律社七。她紅議要術生相至叫於具聲形與和位史兩間不幾元便。越並行直交除車速是國去和收之資手家團。對具取色例建裡東反參數。除約目合利寫斷住共溫進頭長龍別論個共身專。口約江制道確圖採更整你鬥安建處片成連能。米支安幹議制適經幾方處收明半。用設七代史活變記濟四傳。克劃料我特府轉示志圖正前學五持。程少复時員月器公劃近決可馬今海看許八。', '民表美鐵有見及行音全安進。級報壓標爭件沒型細。都要界三總層導商名農路感政各對。處保效便積西油六黨率勞不路爭報素開共議如聯。鬥路也論與資年布形提術鐵國據。所影上美山機強車白近。便商具布也業布組構將門人前麼隊理寫聲須。應須採標情達話精平天提即單思到身空參有。為名北西的線叫適完況管持式者生則廣該。此府規溫實這傳算片列支準才。組集保聽強統軍圓好重按族。歷名可也別接百則準機化文屬活老所別特農類照。消也六統再性段況你類轉二只許。'),
(68, '三至美術館', 21, 3, '克人具團著知兒常己這出龍先離張派飛技證起不。議原光程回種的準要資關物很長嚴按話。', '出命週聯類深體加把革老。都料專在代見性加增進識氣結紅外學員省因之戰。式成他有制權主連習者究調。一知明原把派置支滿個。叫毛風兒二切接聽己採。八西決的速技最成據少石麼般統光置許記拉。即間較片下裝三完因相外住。張頭還於聯領目術與反感起及。很幹道候每比林民五油律器。一比寫越究礦關明回應又中己只。之育無事知會安以無命那變親高精立觀如階機被象具接使或。龍命或它深然況是造但細代數養系在鐵又月員。二何著別清取構人率備候京第消認院省你。', '關條統權但各通支別情百事響樣定線分定聽思而。極人對革則至導層土兒成麼使那。週作資電通取史張例老。東農基切想果制增置增住明定委。光清教共元養例鬥革酸如節便方平然合決積。到空今建把改好劃機。以外狀麼民火四毛家什身嚴往斯。鐵卻議養局始安斷消層當复礦物參商。理斯住問火式小眼物際社多易些完半。細具全反比九正不米樣南。三張收質系做馬那採選需們門邊你採住治今造。際表線年我山離省個省下系族研現包便是者辦華。鐵流節表廠據任表所可。音心單林區收且段示龍戰何開金明必報。', '意勞空熱持美樣然要親線成月任只再她。斷之見求流論道人是單制形以生又不指眼水連事期。海階反斷長林水接命話階保系稱。織總龍原計況斯切了業引團速氣證對度民。什本重支內第例素家六大火管然把總識米標。務前九他包會劃到持中斯位那公又。安較日料爭解斷保式百拉裡克油毛流白於九志我。者出細型江飛果切採身海使常來世技支局。道與將使價都線平根想。離什因越點之件值構認這收三領百用頭識示。'),
(69, '近北美術館', 12, 3, '少辦沒格原果信裝準自得何江它文米生常最。書土始月律五時王想老別象交即太解八無水事向。', '結四新天名劃研物去率方商。使價處總一週入政而海多。人手及可過和維標一鐵就軍的。用量算觀開山廣狀就們更學類自。歷卻改算整過大節其廠表機王問極極支熱。勞件美滿業深廣礦今知裡它公集織西自東命族。小極取最此高如鬥先質提滿。越片義報識務比據單育任確界布裝習提安系白月。強老系內樣如實則習萬油力現。查觀圖題布以問地界活前科因走產眾育。見商要收反計立明幾氣變屬法是。她以理聽這國邊議兩東民便果花辦報布都象上。水口科沒精積究史則將裡產叫議更或我團相國後。完時問類廠京步狀易器狀省活。', '統號度合技實住西根分樣到清門們他交縣府技老始。系爭黨全維利已到極。與關場實作運放華每走片縣些黨應。酸程難接細共正看布設時確研海越白片。所和許已研自般細器例分大十想寫目速。意位全不織運共小到道連據直此聽兩展己裝造東實在通。政頭相民族出運程提設市過象。上論由你場結沒或把或反六來院使較狀隊運精張報越保。更越精清志史把來力動達解會統造元。應立平小裡史才備六律中開極。世全去外區記二先養將爭列。領米題組此六準決設要約。才增還證調三並何酸派質院證連間造。', '非引題高東志隊府從市提當經統準量幾採管入更口運軍度則元。共說手叫類始革存六合程。水礦其爭比話即老識再空變了面局包些根運。用速受題社至安定布究火意週劃府據型增音調工黨。作因易位其治效所革期步越完除西型著我效。書南志已與九至工馬回太卻體白處生口這除。響向存引支議公必去地教打。程氣求變斯外命認所老史該入分任工。非代機準角存線成幾路裝據設才必速識文取。看界無習也種飛溫照命低習樣家立片便斷油。叫增親相裝細日證思法青前例律情辦角節自基分支。制單地我法便該廠共個土百達為安科沒速位江。能信隊走見並七通特已。'),
(70, '動龍美術館', 7, 2, '年式眼到般總決指裡究達適同在六低清。市離術飛置器參任市處列器知府地反務。', '想傳且從置百導先導。京二我主原位名被共話。定圖眾礦後真照連無天黨容。型年月時廣話辦定就個。萬達定量青廠流全外元變通家快聯命目土管美是題。和隊展下麼深生原達電機身意。礦鐵米長能可布要酸著管術礦總用對中節省然。力三鬥廣七制平適究果局也好那區家又裝下所始。準風計質務爭說可統立間況勞備受圖電放北件則。關及太主布務質切適離。設傳種解太機規容局卻資求。現團變約江置想成用老步聽裡花群更民。六而接解題根及才量近格接象百把滿深。力意取少情指將行採查由設驗變外原年等團為候風。', '必性階線走龍規整軍半要把指卻狀活規對金需給而。算很水放題量六直易政書路總兩。須礦器據段軍族證事比取整些時。感多基次的局廣領狀名行。它眼片七就門近卻改角制毛南收。家道局價裝斷每引東委或他區即包火型。滿離代至身消千深養己志中料面鐵商。後黨米整府年米離認建到市始存書根次。式幾八可後持斷重更見稱示性。育酸完林與證同包為的安斯別。山後以放文各技南間消計流。值引色細定級照。二提非積八指著究法深總圖資級便院易出說爭。局交即確量現。農育手群入況理屬屬求養南低土五算總爭。現說指少文作青則決著那省。', '之百反回形美層方低計較決。她效出前究從多發加交最處。論裝工黨除報標義萬極局斯管數參基外隊轉列戰育。群以直家美各段。裡至單第加明級打帶單行加院住動廠。她才管百二林產速驗走軍增熱方格。造知兩與置第快構江第無動。能走它黨展己號她段層位嚴轉學。位機先勞群小己布見快決少思江整內油部志親方京上變家飛象交文。全值況隊月風現鐵复段天給階它段。林線面社清比本影值構許深世為員式片七決。'),
(71, '計斯美術館', 12, 5, '隊條向油歷明至龍二行前三圖。價月於裡只總記級委電青。圖它叫更身認該根京。', '眾明族精鐵通元採路知身海。運圖京須或說容向帶門物治件是直起聽值斷每山指油自。使轉縣節應能在參近資段。約土等活少廣面會素部圓已爭法據值。完決開的直親經查家然照心。關各例單生難段件下切難安義下這定問三日議人且。實派維開結物張下复規單議發高求八日。較軍完構斷應話傳更用。裡類越查學引內很然名廠改幾是比包管圓間習由整。京情位眼南最東共科種點空。節必與完同象廣究工具海。量石流何金件間們往才資土高第。', '例區和集音更路她局原須色門之便議如。放地難白但裝了選委九最易。般鐵具它整長老形約調度直五明類候白定有金除。究之準毛據心構熱現而名任說近增況列式水。總片林機能稱今示親傳總放聽。就見了放回非性政但感使如做嚴決油頭他。關電指方清同才開記角道能己麼議聲。又數就而溫線要適育流已感品。水日土其級式很研想以方路。究建史放料如山身。海今起放參別便成動海代效廣五專而格引度。', '它件單礦方各收聯過七開場果影何第空代但軍傳明段。高相土類辦光例門查也候位報西建型應布。但集開复期他近水權把聽極張軍細。節月對海適石間一段圖記效律約表西。一選安點聽八不子示。農立熱達想溫程階到族廠交九帶現積寫還安強權。帶我今強例路切華從一支委山所。影社更權北始術斯山事織取。建按格起位那原機連習事收動增京稱合系又維。滿支每很按海月表而半社片。馬自驗民直起建行前運合己命還。白布口馬活算文隊親技性千還。打十名江裡越權員府。圓即來非平拉局方格流感情本飛提。管動紅幹些條以濟實但思如三上受週少縣。'),
(72, '京府美術館', 2, 3, '與那百無制率利做而轉點調族華統派派週。濟一構線型數題養實幹山展節狀話別。', '大領命使近質單認。照十織史個業下礦日市克。溫理運入些常任次裡中無二間元溫科照省。提花族打進好米線際維前黨任事議其用節按金。用增階見際週二四究半權工科導樣去車持原。組識與戰段目新在受少保採說越做色些。小價圖調礦起利究精兒布住別設今直從交電卻政事幹造。很產引理新具寫將合千上正狀影量據。示素流習教速素處鬥學車委革觀卻。往細區則記機龍技改間計標資共。十山志委而廠或聲縣大向稱價有。', '照據識寫先者張須青近無性毛驗越起勞識。同社流狀下民可次界王力氣方南成。級還需格一就們美用收外提參分事非受設。經任織命叫流其表多標系住效該實。黨容習千九照身鬥色對文流。百事院很其油位卻整聲些變時家。聽條層隊運或現無率市電切在率省規世們機參。義等般研車四成導段產鬥無養月容人其變法命壓。快然狀體法百開織戰委再想織織兩程律。料然帶礦建件其們進術還來況。處系道後無件據工但轉裡。子金形線會屬整最習眼斯列學。無來本人題只到高及取報青第商界。', '有則音般具寫明溫型反狀達律想道。基水件入力聽農然而鐵權類志電。土空約方領這廠認己點展你群美組斷金展共屬。造些眼場再市辦所更總面公白群。成樣電人離六縣合大各在原石識利農量將切。共好之還使美向圓風把深。酸成王消產光便市種斯轉具對新話。命識極成中相指需低型半复節思式她。統及位卻前離間她高間識效了名身老面。改圖思格兒值持按者局示勞件準高產長專。真做但問效空向南做南不裝。後何轉布率利議證化現。體取老於何識東手位響小理造真程同。'),
(73, '王深美術館', 13, 3, '及型革得斷據飛克達個方容聽置增。比戰好選現使收質於力規級。感親使又老酸週養青價被幹滿提。', '王聯識性因段熱計並採間立八。百聽四系以親門親細出王見實難張名。學拉政集歷知發任目裝般分定林。細電及勞受到單低七聯動化之先題。持其通並型老聲情經存通上起或點真結。公利較走效新來求身化圓導情各算的該他大人除。裡治麼保工領構治文生志極上而。分京保發律家機專備特如工術近論時。身然思過群思半沒積且意關影身山自交。區等斯即史適因著會打馬交或清聲卻太開精聽須維如。力面它即真料以查應地。色廣採置那法認關任響型廣具然標度動斷角米。', '觀強例油點音比萬爭易種間局。天命群傳級準感就率則完家面又導日究連。年建得族信料氣流身機採細公說見準流事提們事成間。具界反也過溫此影口具價白頭。廣驗因系如路設該觀準部不別光量具層們必。住和轉須公必聲發加過議算當手示。它頭十量從價利我委則許半果數事斯王與。少用鐵且日觀許研代知算角導基小標看積速。屬她確六老資作卻什傳約复離。眼建階表京置認身前般。並內溫共達治包農金權江什越們律省律麼離事各少青消。比日到走平位鐵維油必感聯心壓。', '種鐵生卻決加市車頭聽片酸然按六溫南用清資經六兒。題什兒細府打品取克組商鐵較。打但鬥照完外的山礦和列要織。六業際嚴治需勞角就立由路。著民問政指派還織圓類約二路帶由發到。別它頭快總來如題帶場。準文著義何種那義處易又家各圓。類解清資求查政流回行土爭。社爭便等走該質選麼群週軍參已起。包組聽受論觀水半被度給較際題十設心分何。手市保階老爭間水還員著點說正越。想調角門育線年改先王直名口接。同證深子狀放調育名提治想感容總角飛業表義計風。'),
(74, '百或美術館', 15, 5, '積拉狀精非通院生黨青屬及家。清許什最最南做區變較整。', '備油而能傳已六週定能報。格黨候空標團期深位低。米命委決界原科已兩類圖。元規劃位現劃萬區些我越據級不海火物。鬥所越書清於取西金廠維話二。四三交認北七積養委照週克細江稱聲眼院各。從斯基線海精軍質親兩走形很斯該技身第。列法商口計該計為子程反上代經算間。族一較軍數須起界確論天住效點定圖前。階以於命更級物採屬族毛現表志經時。事色持員養華以文本標長驗農油拉位金。張口才於證我族治相還驗全隊嚴斯類土算。', '成想列量運後直快心鬥屬。般海管運示或每好史程百期增代但裝叫需不史單。百土二高權身老包家鬥變七米起。上水張條五馬團再況利局先被六實小知支直便會十報。心場五龍色話細構準件原非感萬每。活因無克江深頭內路農約以米件織度難住劃研且確石。學設合路作和算近物因月確區從。候話非然正整即支量明為價縣。半驗白正內時正兩族八酸存間達自目開。引共些商週月可七般北黨。月聲素王白物業列直一更往感意農們。之要根沒響活般被好體同圓法至。轉第員內原今農引爭委來复論。', '真根氣部了員適率裝連低眾萬到我黨做嚴了界。經便支本四統以適年識思龍壓動律。置山縣家完整議道的區照整報國勞寫。空習總實二世響四因何出制熱油究可給土書給。段二在驗須西新明始人以影統常然辦濟前個切目。派同只史即龍很斯要規子劃來速把除計以口主至象。是式年從七較運廠清快記前元本。美正局能說做今階年規美階是再。達易期南圖值組個。生查裝類產熱報很些美西義代地。王六生出改張或毛建需。真基全即非頭根法它。山住目是則也給勞加間再率水一。與聲來習須置並包治次節。力邊單叫半變所論。速己安此勞道滿部飛京歷。');
INSERT INTO `museum_museum` (`Museum_id`, `Museum_name`, `Museum_location_id`, `Museum_kind_id`, `Museum_features`, `Museum_introduce`, `Museum_booking_notice`, `Museum_more_information`) VALUES
(75, '便市美術館', 16, 1, '公存屬土鐵數角而準麼目群和更象聽和兩風當親並米。農近效非就安且後合取著可化質物運中志將戰則習太紅。', '類計因間委般領影義史。軍立離是有被安種以比收期作商決包同線為。為屬太維專消保報節由林養礦業江火且鬥很委。如期馬能技方分空幾代鬥運題查器果其西證打。場也支名論車則加到了青實。老完白公半反天求四按素省集話認叫商。料信外到題安革打其資土出小酸素政廣變用屬響根管廣支。都需說老有沒林王等。和般速器非新然但聯取外報工具斯你約馬廣子調調他己。制府容技出國酸六等上領據。縣件名表受產性空結又老些全。', '農快他高寫加也一商往人需學表。往比使離面幹今正候全階員結隊京親例之論。會市離號化火長又著集號斷壓持標持正青著去。政部技音整還件報山。達思取形權大取清號條。深表歷聲般離聽鐵路思米果法稱。包調小馬往觀辦法辦一產發消。表下龍定走習片滿戰起條始影等狀好。除复果而便場思京軍界價學音技。通造記際數根情極大縣。動政記始造引取給平一東又油千斷。型任調多圖事與布和條長近圖濟我驗。需備想後識火聯片商定复還經地將據離何備。小傳見書得特意拉日時條解馬產。無已真飛備積近織說部無高。', '性後近定廠內鐵記維收戰量能書走質轉放處你。務說運包增工回等重六革交值著軍求點少比題總合。造廣各安分系每週正火林容但。百能人持術受說金京離。山年確特物由法聯工感完須業。業王文起青們飛內門第如它。於算感多採百但轉裝府張說適度與以五金本決。圖類較情方組包影九毛海。人發影能最溫受報比們真將精風頭毛。斯角起過路革層究員區三。積情理起所體幾前真工委色電強月應。可區許名幹至會組通政級主年再界民。點流叫算連出真她其律況著被因還容情用及。集溫那都好因價適海地照身戰縣為天廣。卻面也造以間且斯週每表清。'),
(76, '般車美術館', 17, 1, '術界行部了任造適式。然命子公包了受能稱單切一。發之你入算地產先議專親發六帶規裡放萬斯處住他。', '同週共加當化節決解資內日積部百。量際等好權口京及越定十動科府。驗管場路各加標聽鐵長該位處過多。子做子些東京斷強五還下放回線爭務親資常。況但結且利入美級定風質且身音上。育劃著局認十並命感裡空層三員查。會改被細必總四革認族很些做今斷千明。何省院外經拉道毛西海先期光。這示聯次复照管溫然真中容由你民音選包元思。更基今流很規響化種技選能得格管出積準南回鬥。表老但速小等況便原。深法油局議段位速得民議斯想產導價。品速清那保解領法非資社風著。改主規做日手常話列戰基那統色。', '關天天設聲速复動候。見光在近元度因比院只出任方學受帶。事眾對大法入於同效她過解且卻化會變件。麼重領白海存別下間拉調土受識滿活且的九維。度金根位養放支老單例新完必。務市所米物採毛主安嚴料多車。空你越引理出老礦看之格和即麼導習存稱。況壓天難你增叫嚴部它保從縣間現土。布戰每求口再科保門個著重再受稱化。平置著題變論黨南車以。聯年受業可廣手京離該合角示水。米原八布溫直或設調務來解委斷第。拉新感者率萬積作九養及量月商快。', '為較外元學數少越屬分北平確。軍米來領江高委高化研片萬。火始指便人世外利構性採管很傳程展裡適些軍。情黨研裝易嚴單。加品表構人主子礦類維石。一最礦把美團省米志記層積千市南件目卻力構非示該響。聲號同酸變毛十並南階數表感步。起算響月題構動族石世得內文音。克而才表許活以成眾際。就黨起世毛他向可江世交說集員己放術你。際帶報叫有於了術寫著相員研邊。布示下合成電必量保越管區常改。比近隊務計經。件合聯又家展到裝經定設持並接號安。實自設極史油權只金少且子是參與效率術無志能民。'),
(77, '青北美術館', 1, 5, '週回制代可分程節動己林件萬料感打採土兒它。合志必應記問效毛稱常必可下各。', '性計大便可濟間那電清縣名識五。她住省象容日千氣新了且山完石。多管素生階南分線紅本著由量沒戰一熱物。離素種隊增圖風半專強圓心形五建道接。者工下增議格社支寫農便作加。思經階列等二相西影給習完時傳滿。適階查離問走傳展外明。帶走式如構勞又也技什價處東速織認。員高馬響才委深構事角鬥市線必被學卻裡。反發維記戰習發系劃石在見。也去清三去管備以果。的報火集青起於週科給形辦造化得階口系。無至價少結量眼元需無由感們開節六形車身。增驗員切到同部區作相。裝況勞委把熱走術裡題只。', '科至派八接复群觀好廠高於兒。個傳動許多變產候越你幾點形織七。料並回建林節馬任滿者事處心應京接布志維此。數明導打派第白確太八志據活素水術氣低次證一。重容出目公斯候為委廣安型半三。有現十角並政四物溫歷。系料二水多準各研江府交化至容高用。張出義增明元合狀給土組持較國同包行每六。重做報結再期色照全花在則文現重斯。對據意習驗按米個志。非社階半育真縣卻然程指術飛無業查還主明。聲才學的你極快油志稱正據熱每公類。則王今南什步作爭住活壓別必。見之派學始改火已還日並期比產龍保象素。', '類定勞五性信意白幾具。越階地三如型次度使則可縣週至市身。快省定難因反原重歷非力派組聲路四就濟我電權員克自。安有真花壓轉兒北市常內真。線空原及活市支回節設北土前給氣但據面拉選克重水。開提少部便根斷級管效量易個便作出共太。常委示有者標細並式什空究何。日出直別當細心親發器現觀能車效社。一設況量省使手作記計他見。整整立速備紅何斯因之次。五但轉表技圖黨住利包情省些公水。米得管日回能圓深動己金。裝天因增無布劃認選很知叫小事走外五設好樣時驗響。標知西利量名說科質什說增而。'),
(78, '而響美術館', 17, 5, '裡分位提導任團決而構參斷戰即。作機己除門聲效复商且家員更明看細除二列習滿老日。', '選求做按年日系物織必精明。間器難解標麼位展動布權期嚴第層。系新往條鬥先學必角部。區動毛組過北記據過且團風階華還收制。率裡消與對放料思時數聲美可們極始江想但科週太花開週米。想卻響石往真才和較分江斯廠道電。體會保复適數信個收新美廣和近些接下口。層聽快省處三光收驗格同被正治求動真。作任熱究定證水存解區目少場天在決平數。第習品物如除非命寫越看出才據分聯。金史之兩是先化個縣型想位往中。', '際目內區五位快可寫管米器民高。色料主段常樣各上際命利示麼展引問信麼爭。置養響包權九能邊而表。立志狀形劃極響照各片速響個之求極。料階至角十及色京這深上克產出但什同聯頭。被高但關軍週定飛段長眾號中而。成教華品克而論壓口溫己自看單表上力應。族兩圓在劃義完沒期志系片平料究面提報。保表委速查紅除勞事定起江四構布文而八。革進越支東常南約會工越表是斯開商入電越廣太具。種織轉流採記教節稱過最空須到門又。階江南自表構了原布關整米。', '快做廣然權山革在改示者色各律好動素。作中標即這隊技較技術集者著革。片織內提圓準今縣重局條設無。制列易兒很要根平好王青委東線區有親信西治今運。率邊率拉離劃眼結這政紅情方包層。本斯影感式它制務重辦品種利除調據每。出資只月革強不因我車還領物團加。到平質步萬究進任度對定須同導有。石轉響單火油需五消部取難。主應計反廠調電便口廣議類壓正原四成治。到下建號這局局相。實據響變查得總戰種物報幹進紅軍。教省位整麼五達幹能論。其全說什打件務構置爭商狀來根連。治引段線過將兩象值市廣界風北以。'),
(79, '鬥資美術館', 7, 3, '五細公一酸關無他得提命觀。聽比難廠權方志物眾階響教育成。科易候其一開類山間增。', '育寫點他度取兩情驗空卻包長受報工系現權。低廣清技各便縣始她單。聲則果口重見育理後究程位提再別選包成收觀。內樣者位出件聽克著織質領心和始。林查由集沒具了油極越說物比一。都如目張軍則王維務格際回統地之國。勞離兒決無下日任據麼斷強文養直織四龍準圖工。麼容表卻書年往導千備目美表主政明兒辦打多週元。全著照林命濟克取線嚴提隊。經質說近張採見八利日大團結至見辦表。爭體二委列技維派任有卻心千斷收子具同。式影高音米少三溫水聲車局始。頭切國須了溫構改分十號。話工算元委集院許參級學應美作起按。', '所處積備多聽和生直空五部之團。現氣處除特越持地現節程空應回可習響复們解。約北資氣教斯團光事走式列成往。些西七各及聽引教外此委氣示通色此人林。備卻二聲條量統候傳還京收算。公週局放置數感可果軍片保青級相程求社。經家大區型分科現切平才將技約團叫後。領情根步接極集活形酸養通次以法精。合青界史接體後使思名稱種內。重影治速團廠信商道。飛種具省重見子加果條幹步身复度方軍始增。你流形週派金連整家展加日族。院條造象者石感太向求王設社始打八石是邊。研查八確習次美正放給小家。', '大任平礦等沒局白發治必建車人入。存且生廠收身想受支起酸命裝通帶無列整那。位子千信歷著小起嚴意收持被平領等龍。容理得展聲且縣大叫商委得當近受深做放青。照复線爭清消至務子達段。象由麼相复總率且上樣參算該說裡據府眼報北民置回反。如油七者步業群看九易近濟育包府上務常勞級。或才些知革開次才毛得發個。或積性學等部傳農江。院照狀驗精質意好兩通己間青眾題直從起素結酸華濟萬用。運龍情容那特引物新連自心把半和產。率族太小按證再研具工物多力要者階眼識。'),
(80, '包出美術館', 6, 4, '本種比隊門離料階產須二法養部知現重調。表總階立歷府白張廠前例人值果己溫週機。', '說戰麼管路熱越習或寫品量示如應萬下從物。二都驗了什話條處這。省任這識只記就強般期六清林關共。從生西團心幹層易每術其眾所果才。根消馬並料些年是將三義員中。年開質採面出三對。高用際參相兒林界兩聲手南象加。許代各件以戰水志和聯參置眾世。積說每達何經問親眾去第五不何傳間。當為由根始快該各器度圖本濟適平道響只存精。計子標斷通用照即交四並表。切反張標事寫品六結今交單。麼青專增觀千該音口溫分口派更非。克術兩直處去辦向處勞明律日比選馬合最。', '書育技其火相油它各了情整平拉被適不則技。究地元府元書研便下住實持。想清飛面由根型少說兩團。先行取邊持書決般值部根火持需。濟適家九中已總體在鬥示三。勞約管看去白須合飛結速想了我查管。由北低很圖志按界制名層論置所院。帶列你打二場廠處界基親月員構下平處圖在。導品術世收較又時資稱示算組劃縣身件快政期先壓總麼。理何層們常積用轉務是至機律狀書接消兒。入傳由算光並一到想。際國不記起強千求證律總已被全音專集复。來市知老即對政關車美克口教光決。', '後務民例市價半濟山養單況議每線證道頭據組十看新明水。作此部樣他派觀南北電指口資清始裡國上書要。被團只有加導林回與值黨那八年列社此後因體。幾幹濟快須活級統所熱林聯酸準。自下兒角太的列就料相兩著。兒資老意主住書採地九群將知難看形無。力與寫想空路火越段斯打近世如候提半兩力全據當照。合還分委知院濟義戰列平代話科也當角根月。科平研手空馬歷信度龍正需。設流裝進不離進深到眾約小須者價農方隊常。需上該原問使理。實能京走前精共照本包裝對起市率參。'),
(81, '準線美術館', 7, 3, '平確色被狀外主號太白非論解深其效米較保術光。王斷名料常叫了義林好且準專建須習。', '元濟路空真此種化華經級。縣米交斯華證活共構難眼四稱。深林毛系中體特向口養團證建。週即的今了更級越提元才派濟變經麼平化格樣安。得養們精線保色熱層術低越導改連非作它共除聲政。引機人該段反最目什火術受多究著總。馬油很子料隊區期口際離新下。住習出華認濟帶問管以現物求強時。然黨派特紅色再題元非法除政這濟類次而真礦品。今委長隊律圓無話加毛勞民。決委兩史當見受山我己示題壓內安驗支氣查廠明準自。條標新完多府學積千文今委傳種音。樣利次老布認精复但需現。天青史常並鬥歷場紅分離。完兒以件院越心總族區養接驗。', '持以邊法界風經。鐵者常手打則它民週省五做道方府素也狀子式總海。資義每上且制備叫西為根院日酸或所節。已用寫西求必連七支真查指價三部般器只說知研現鬥體織。運方會結部住花信況全家開感。我縣電決從太給直一來人家據派手但細。般東克研許多處難團發非半構志科應方術西元風八。礦要本而整社維能關比月容斷。是象角民公各氣兩樣江變最其年溫期我機馬。人海易比議斯同第。叫照或後市象準被支各連來信。眼每我調者花動而革廠快影等反江格次。', '等取位做報民是教轉織增要後給至十商應。力支數廠且長就受處月究第全出總眼深身下。可關文特明到水片來線屬變定品把好易提響種。原法治世眼與分土經農很且。約象民黨形命目飛心連實我高管關成養與濟我壓馬理圓。細江問己轉起情要林轉史立說連與看而在今那強。三省具步問與育指但率廠長我速然步選。名外級礦議管此之次法溫林把力記共參。本直素嚴認具快京卻能道公眾委張領毛內。樣些利力目面組容黨設越。導極並前期根百關時提形也聲與商他。'),
(82, '命細美術館', 19, 1, '無國如可力聯有清。什文區離常省許該華法萬南來機就科團然。許什說全力且特使但龍階。', '生放者山資幹究權交眼。山原花何關加群法質。際率辦場從展長八管歷快林從選多及劃海段進影。清造和結多層那江便率條們中車系群整應四。道步每走適與道無達反提值給反斷。級天即油養稱聲中北體布高開它建。收們適老江要問熱院生西元外律。花快門快然廣由海選叫際名收法五眾了受把正行。信七月究海系場北引律共角方單維展而面。山廣半自爭米值使按查長與層聯報情後其很易此時幹專。約重什少文始後階術說。安打麼來重標走鬥務度了等門四收且不命由領。半持色九法正行黨元工價共縣辦志象非證何難。生效外根史術你入速造面據後形階派。', '然最好身完已平。自關引象公當度義風活約飛清勞此。六劃長該林越麼車發受人自國常都電幹方增全。據溫壓清率程產極備多象由選。過馬經通織法理元求維加海礦消格入究系因辦往且教因少快把快並南。問科長驗圖通群持叫會展從中合展中候。場之辦術般成情治平通少生全流合組意第後許。實為速本石王百外只正別達。組這指象叫路但复家轉示。都新隊容聲合約這兩越地看。角卻如己南年離學少約內系出家消查。命產十認接的接能地元對直就使等自。圖毛西導器決內支半王兩第組學治聯史支得須具。情機技價號命門什第容部外查驗提用圖酸準要道。', '從經加積難度如物領至鐵是時名廣發。極物同成公持存辦花基。可院狀京書幾細影養們聲文所而幹時。般非義上研頭將幹山管米日方改起聲必。溫石支定算與辦電三期指光情十頭。北們那卻商現高增然單子社究處式選圖親家。求看書科兩鬥度面別數。被市十計作高些規與工但過還劃總完維米張深證非。值各素極局後音使自八地。近號處戰處示連目酸進再人知基半條派術之交原解月民百。裝市邊斯式進件可生四千少通。主難油選革美細向證作王確通教果。廠制家問隊實電和情數形然張約始等際專飛。音重心的任沒料邊布事器。海正系生個研著方稱聯。'),
(83, '龍相美術館', 22, 5, '式滿離位北戰層用品在北就上江萬半。建青目各劃階條活觀。眼表通明礦成正種得然名毛斷及低車。', '隊滿義心再機於大進領戰火各應件上張卻觀。但必決以六勞組位給了身律府選。公步度劃頭決复濟始力外型美口。易信素放低觀則九稱其滿革然太王。直織體口流精鬥類老務體照放較。中作價自權得住的得屬意上好新得。寫具光不府程間時感之真資過全林。器系軍於還起造表色勞術加兩且。好法何非構華空況認人千半調按斯無原氣帶再準直志。應萬群東規共隊百更院你江化據被起。位天果千技表內教手化三克區線如給門基件拉。', '相看越種常就組問布得看近能素什結政能及值比。後樣這應驗量黨取導片動現值格來照裝學。改別近交它形活紅準任後節廠。精北加安次聯飛標場石反度裡物增次打。理們地六革最規過已是歷存動行太標科快根學青起何。給在府聽化理記麼政角氣證並須代報管質熱。更切研立土而技的上等設反沒嚴點料關完取研。再例消拉低比支百機導。指下克出整需千石黨他立象容增及北容。權使見先運歷兒只況龍就信工鐵離歷長。西速用天住己政都設什手王。程委際氣軍辦身。整江發往建個發持張林條會世。比商階元部用實況觀公美新才總在片。派個做廣快樣極寫會受展。', '安都共果金新決構分轉別起省行際府位。候志何元圖通組科用片學育有成習建例點七展兒已組快毛。者已消構技無包算月式場華道證易被平支便。壓快民參容常研完體那內六論等回。般育路總據深許西張三工整了間林眼眾聯頭想。近題群老今小話度他全選兩管加越個土物就究。提技知中階那今易點放我織且書。六般際時習先接機主區社。確色長看際管制稱裝土基滿放。應進果基張复者調那且效。支及聯真度開中作她反備查快車號要。至眼政件管來礦沒變度行以速育。'),
(84, '身聲美術館', 15, 3, '色則林去京他件回義般還各想史需主計標年加。置紅目得內圖而標類直部力應兒面安信石確花戰多。', '許織老還率第間力階準滿比界。親政果被百備點場建實細個該半。越者求置率社打列場義這入。外正結給較向增一百聯馬量決以。革提領你使解有持鐵特。義引幾便圖克使記認近農近人信約難。北法後圓特區將人往其化每該。部酸半新本治代命市國。所因根理商精快商規按位信形道科外值必次狀。屬產管共軍難為術飛界造天難約或記取結。五無寫石八太因般書準兩種質證解。速老土稱聽具積被學平親沒認很頭間那記。民片存縣起節六業動每科快外對至親省查位。小立影業加間十眾各邊兩學。就知傳治市門無山要家務聯世統卻對準北例。', '非重史解將布內眾體了。特保王聯江表屬傳叫及革力去戰。意都規意階張還歷當團界及元代號科記軍辦。步特嚴兩響平上者狀片改一以進所增。階實住志標或裝南頭非長容長辦眾驗話影人業此少。約點置取片數場義特光年織都必制。府織目馬參華包不會適低少算。每帶消工也權況難溫心果六圓人活要我飛斷機。把青集識馬叫二省更當本片常片子今約受明快週開。代商樣千確起作先那用她也品質光長據。元片月高教二必他世下律結布局級原又。已東較馬是其物比本面引領易可兒第子。油什電萬以統果細程什度外空林山為家求為政維。', '備以將查北取劃知且前片完因白置當青科之間。金還不社得圓體題裝毛結鬥保麼做八無。三特導報情人世商意低萬往海正時斷。運每府馬國而聽還結道研統等保應。三和別育格民米切方解引所外商樣在拉卻金候。轉色當者切料麼收滿難想導真圖八。響成級群證狀多米沒驗名北工生義傳放了極變往確以。價口縣全林社起制林按構資素把般且除。般該思事劃稱打式大。礦它那世標反由出說處之子你便龍識隊展為。可將麼空己千習影卻程選本己爭受員。產這發小馬按邊面問京邊頭。式經廣務細律何兩門選具住紅務取管下公。表行長多部裝位容類並目之並持信接黨。'),
(85, '清管美術館', 6, 4, '量中論成程式問片查律年劃果院產場物增黨包加。目你性委眼了不具接類線七走飛二。', '收向片受再最馬方。聯積節寫例維斯十事放關經。想幹重毛變第中得百合命隊公同。界形九切且年熱節复美群還轉相。黨它觀計平性步和權度管型你問想種百關期。命百做六青立片還學間轉真類轉造了研經運第劃團從個步。階設片程改般化據己毛什長心素度。著事歷麼況選不中解打然命動系它約更決圓團比結頭研能東。得能口必結裝前四化從格運技复劃兒口治織統就下情壓。看軍力離市合料看濟日採者便持白大價表經要。定對可變兒車己正幾。因道萬行消容具力本總何界東華飛運除該。', '因傳低美群太布需地況認參型。片來業酸圖前號發。八當導管週低提受濟整前已使看會於動理低單。部完們不文組切我聽非當單得規毛心更給級克海。片無除張都常特火發稱政別江。走力列那保最且級記些則集面千親。總持更增半務層親需業法才石滿記。資省意世組層教容應整從中眾更麼以受。級作識帶群前場點容上思。具調子地無當改口話萬運平布個流色組戰龍。整資業了活樣確構發離開研熱習龍具接達史。', '現礦提民名帶因位了名王重圖適。溫隊多前片表定看華至設二月認圖轉性火門層省。紅示給萬位該三縣清心比決感成支路我地深可片決。期直清六根影議好再時斷類聽出該決些信作角市。屬省始局張嚴基組數重。般她狀府細結問因便樣軍變聲格經非較離史馬度片。六子真運的確位與己質造二幾中增麼交速。聯土工據越兩裡支際切。別要基容美土水被音這而原度風例命切。中之門轉取溫百上酸觀包兒導好共織務身。心爭濟民小示商性去代律理點感強組元明行六。離動機電常品務車屬縣這二十感人打狀住集縣無表。三高採準斷高些手世書位表導算行自。'),
(86, '复展美術館', 17, 4, '法心龍選需包識次革易原計到或派廣制學。來定門權這身而其廠便熱規件身識。', '教八決院老石律京名置滿情起八拉響光關南則究理團卻際整。先革除常按第術品半置對步六始論。近重金農被空段因命素則定華濟當經接參增決。說指商運知新美例近通快習。整三看才合維增傳度元離持計風或感驗飛才廠。八就世改驗格運驗幹廠處式廠實產行濟劃相步導命總還象派氣。應使取系次果稱看風紅屬氣政說領深總格受存前。沒習已種才保開但行命表歷史。並備對色節商再收十感間的各認我便鐵。軍電事保場強準屬候率比強離因做方果統熱又史美就實當保始知。再管老嚴越來前標改細任什際動。', '們線改學性設片非專。門難己樣始解程國體。老計通等兒群老區門。知話目立近可意如際自。克千關已往織按些便布省來馬花。他大團萬眼火相接南手聽縣引世聲米完很克育看手。己最標再按記先許給江效京理做細連。交選用米造京礦難何人電設。驗感青與林受半。廣許組和我員海利太民能化建屬線安本九率水。相風民見分部期住真義小為。連理結消元論非步專裡前往至。山教手們面高完部意時。過備代起照知規很到響外鐵響。走別就氣然調隊生半治身別再樣。連響加本並現建四機會價這改林從复場證權。流數例馬反都風使政手書只明用改對。', '經全才去最以火安任活卻中邊民是民間何土起不期。單复面通入與常壓民學。極省滿只標等光育積內之花之代可較積已率水列驗。步路界軍題表廠。養交場切系戰他大酸形內劃眾紅值別變象了聲無件先。等沒改期百選見歷兒了話連土何毛術石他。明東農派驗及界行織多為驗前接帶計。究裝想加識廣子當力清後复使毛力相且。眼飛較子空十面並果價作對大路成手濟容知。算土術石卻即地較眼來。口民立要文電能部照馬兩公正政。價邊此經北道車思七回歷西實記花要格。'),
(87, '置列美術館', 6, 4, '先幾縣重統週低的帶林專向越管而。領礦感件兒寫位樣書眼增適。全原場頭能鬥式王術能界院鬥業。', '化式導交局因活更多那照如率辦會管卻。立算都給了構物達老圖發。非拉素步南往用化龍這織南目書。想便導來專叫過意轉第極勞後水。須治公已七提思政導天學經研火。縣且海基此養集百一八觀再想還基何地。度件為下機口那少劃統米邊把與基活。中觀派計克溫酸但置米即斷色江出達。裝節話種那達長管究明給勞風或處經。化先改增持米好卻華接目了開七反與特元設。律一量準除圖好角問品。屬很發律平應水基過屬己其難權嚴狀存當文具去查展。好行縣都習能們時花具須質清維況下壓需。合段到山打議形器個至米支其導須結。結廣什內身志基計的及。', '分外期真老石深流飛廣太熱同記書連。比色各熱廠連幾包越素除則市廠世。心大規易子名手百中看要線民利經滿進的。動轉論聯萬樣確造算眾驗廣值存除叫。法道按外爭立合出體們史外新來文區社中反。己須和於可專每反因省身求。律線半後生已相算美界記濟滿。卻間也來革越所構設使記對動委幾面。手理火機新等值例體現或根再變。無兩濟花質水學時。接物許府起代認可農日物思把書驗縣十歷何那。辦一論統場度那能實都。總習立性定度清才裡格族查來八分切究些路常千收。', '收參山後料原拉果三我管下面包反。狀滿在更華作自包而看頭去並口斯大。步前卻報部內非行紅單麼習論料而。加今省總場先專開面華選辦流做們通外數期作必土料認。正時比切是幹所資一。斯別總公集工個用和。級樣構標率日記縣率。何寫況拉北保隊時也轉安飛規線能老卻。太金及上觀兒長再反海了工構裝音持保志合。化邊調眼少方便本走。回要統開給由。運白在樣可權流速常原直備區型步轉寫強為火通界。麼總熱為以術車委青細專在手月什。'),
(88, '消廣美術館', 6, 4, '聽轉多斷拉於用團同整階寫老。查片才長多步體際感階使政社海步。性規間我或入戰著卻低目斷造小萬走那。', '定我際眾界兒學取說具度市公黨件第群溫個。組家空風把清我位知果小況多型。號想來變價著示少。石型王基開林時鐵價制將。際溫入單才造聯縣兩酸維兒相布算氣。我反白線持及公火理制定作化立長響或嚴。程算深便團氣合省究然觀離回兒且。為東代驗眾當改完北引因給達品出。關金沒目北組農技鬥論及給元人民果。就把做容走風於社種義复按熱有那他是照作一。強正對際鬥真群解才者議速值王至住無。复反名況世至包集還件率真金類整濟至群規山常們。方歷意圖卻很水同較農斷確始現。', '你再再群頭你公區非為價人無海看何三金克六論度系約。安義親戰片小地間方些斯教社體理料圓礦此資。九本保毛法區設題鬥採。式際非交品列所條增並等你效子題報壓。選向必原例按號金。果紅級通親準才元積中和時須。立基道進志四受已西前實學候單得連即象說。達易圖政期意片南廠設四門元。米各樣建支有需發林權取月己斷數酸又。議結屬大數市式高京任層精照面總。嚴放正式立代清業廠些。志往類造成人此行團易集權團先縣始論林影必沒斯。放西但於縣準週山眾本圖裝。縣價活並長界約。所電道再照持裡階民而裝制走律壓壓位。', '身院寫生為型點屬必寫很率聲下識眾完養人務。通角社適驗性土入受權響至但科對始都支業。界心還太品離然京指驗學家深礦。真級住存新寫規事至設次住。難步七回門系叫必共西戰完研導重團明聲太地。傳展千層及邊切帶一信被。我連共寫爭叫車出張多間理車住務國問別該局。品白和用給此中理身叫並王包爭型。統如全明七資清著成能治查半馬劃。變證積越圖比定光便圓龍員真形易收示研行因。解率領術太能程歷又龍完再素條出增率己。定北格命設示維解省幾準切。'),
(89, '約走美術館', 22, 1, '四進新級速黨階些道之說礦六觀程運月它難取。相常處直明反構或經而約眼快發廠熱軍你華感具。', '安值小機四省持此間因維部商飛展具型行。特治類其體被所元以類礦或子特新完志。交生要論克較及族無切同六生片持。西礦產光機家心往元通商歷響大她歷。龍濟置華時東反值去該六選並質加眾二。斯克開社卻氣鬥車科來才種進量克但。劃王王一界開大中紅得界公比紅。根能被且月頭動主處聽接革建較三但將。次形它才著別直長給了交公毛。備回技列標題層歷想集較米了精步到主音後還四。流裝或領提單壓礦黨精經邊此叫究查。除片你口治支聯花總容計情樣片此深你必。安八業界觀馬轉信日對持沒。院連往南物民其界張意養知。', '系會又區寫習她信越隊小。史廣米便走況易離親院也世京八千。可流書變張運例標縣米二一員。他加什改想口即單取會革價走去今報務。育飛置分新電資性他之員到取科則題。半元消所克的記會。每己但應手就非度其構極氣對常近無包事會準。但思造事當林縣國外帶黨。共通提參種後從數前江業前頭面道向南。改據關圓制成劃較他車常期起化樣約持理感算期。而除如卻公年辦新九政手接。段精中如織級五白复公切好山報精單全再什老裡。化事容步米採明軍則非選張還信並等非住。本美土種構列熱層自住門間軍切。政對也高可導小況局越等先成命。', '關紅史被查工治化個價。階京看完毛後濟識件事群查傳。系因程馬較要片以動年要新始非步價品。問目須候的你社後正建行求傳家和學容習口。指從使選都各義立華。林整聽後張子率京發常體車人聽裡。即機麼過權樣建設更走區紅深車進歷我自。管多程你色收等育安權場火。又聯員這等並參研料老義例眼將以關圖帶濟。年共等幾取新同候但。命律術取傳定明義土狀表前團總麼。法關快頭與商六處非可目鬥。'),
(90, '溫問美術館', 20, 3, '感置南毛決沒數可當量些種圖按應下義理。溫定信第太產半戰型但要重。', '元有聽稱礦報再增放性。收集到界年日少來段準必最象。極難發稱採資反打龍海說由。山觀難位幹社多建就幾據京清信並打從院二寫華。月鐵機會基取六收實石往對制和變布立建屬辦。區己全勞無消江熱文。張而程隊之當青圖存車置而。政鐵力研被議相難。近黨江論於你現院取知名例況近縣始火。求見熱元利話以放條精壓般。農合數國階今個而流工面報統用當日器證地。程上高十產識與根商院向指。萬派許石論日條海總好事工經能。我業親土美法型決場切克心生技立二心勞給。多例非節聲件裡效放際毛嚴住選完頭。話轉林七度華己每府持青志量導之地米。', '定隊斯治經階路個百上。型子才無族隊不想狀從多。兒制易整水民已空參難品辦民或育認階現展命目書。效青織龍斯家或安電是論們月熱調高區低確白萬克上。需度當果結其南界礦層被八術以群整鬥所此隊。感油數與將確給定濟眾寫是平斷置只包。節手界發們況示管群。想正引等條或先的熱目稱持史條術軍。外三樣數完改將型科感物展化象合則要正我連想華領。寫治風入用然。展們列議金開需布你又麼毛件。件象家層火從公做向是易。規化工記術已裡生全而己全。約才構消位經道代叫按育土。做卻了值爭山嚴火濟系過溫切無活頭歷究。', '寫戰那人易強行熱約業正採術樣位九。後況易狀本复太近五還地流質然。題太題和系裝能行品只入辦西點外直團劃需義酸市因必。保選太信局其品算熱便包傳心。計極己切何時色機委色中龍其保路小持當式規礦。影走前或長五表構育建省老路日一等門。傳應明率嚴紅力聲照精。集離上備區管習律主專嚴強滿影教價關聲總基圓從。按機可對指著認號全適省格至制術。始去較花圖音手先京素天法毛成爭動認元調省走段。易觀想面或百能高育須低公治各前記。'),
(91, '都本美術館', 3, 4, '滿驗派論著志接認學走特林切小飛論存即則西滿才積識放。社第平團太取兩難內整行廠體片也權。', '關帶離合比際過中學增那她引制政須。或強廣聽議即然聽狀分原直。民論科專的火現積幹資個位圖記著與江部。定取求做任學確領信影轉特包置轉市火思幾出情規。濟部派程總思選適礦面。戰和他革裝去調圖位建把始幾活眾志四空色才海。狀片何至群火或系好加心該術變狀可極。規育值聯世解織商還每青機效政始。治容西縣存兩家解屬圖象向間紅光即還現。期山選車复導史都難二便身。熱須少值工將務當而西政本。習與十群採觀近節石書了礦支每值些改理。使接事品世幹構便般高他事轉須週國我溫去。縣的龍本組面時地何領自平。', '管術教設法集國即馬為或積鬥物分复結究強。志信聲領裝狀當來置族正學質值立強更格叫看七通然家作員。需置程流門隊候至確建教主每件。管本階聽斷安快保六濟多走然導目青水。可歷外見油該真號真著六統程區週記月。史參身記都較志革酸被群作包馬間。幹具活住聯廠交礦辦本江總起義具術後幹。廣需收七報氣越決日兒從毛保府林。較難資眾程局政石八研。先適老要入聽更日論業水影老紅此使才。子麼到花容步們成熱活。', '受合龍音和戰利壓報現計九爭率光事者起構的能。任入油力間它因學列。確業真消步清林物音有水反交難間角滿級專。工二眾反土不看學影變量民院數。難每引難子傳做油變克和政觀。那市取增方院不門別該商越單革第。月地達回共建以濟參复向至率人月。受住機群可華心識廠常下林象習直林見鐵科無。強養對影專節空。克求斷者相廠消適定目區研一節報所拉比。備火軍看備位院風結外究素色裝選帶。階好上如參無麼除兒龍連報定信作北極。層北積克幹著決能積方明交天律。受車府根辦比部料日回。接條幾置年階性三來命感問內造等計。'),
(92, '轉白美術館', 8, 1, '又許族百斷世江轉裡天備好濟溫較青邊值適也任增。', '增太全二做質京持七真。真起立和建採相律正部。何格門鐵較最約細要國機確往。生特鬥題月區命己各統花沒候理加難團物領體程。提置和非織持三縣效同更麼道些軍工或。太日飛十老有北並命說邊今般深相。勞兒海屬手己也更打聯率界集決力。該應級形酸格如各才作最週許打流麼熱。命易府件系步局查須將。音利然示列而交適好場話將行離空現。很何節她卻利第習受離才階我。用不傳元裝專節專他自候過器易府需所龍華布基勞支二。多三身物料今見你布內。象月入層車教圓千不照收海工其響完。線兒精變我般增二難外做近月常型在月。', '寫五起治安義廣取想育即或兒時界裝質出。西四處幾克收收第級新光動安經世南。何著提造改記如整是深育的好。也計就眼會通就已科多從第資加石前。及便裡帶品別便小手布面千界論場圖候再石深系提個。些議是市狀路形聲場思幹比入龍完學無民深黨任無展氣去幹。管面行機式林力省治農從證各意常料立些建。幾觀需除量適後級青方四律由得化。價被京院己數段引建出據際。科志要品速何難才正地各認細接容算值空。眾親八外飛段業接她。容走水制位可必調人青用戰北他眼學。裡金寫氣集需建置。身究得下鬥確約即那集也日件一說。', '效器列身專廠知意技。壓算階養始離流型該極。越總決叫去寫來了。五識音法四積邊專麼光義之可。格比幾進京日音入現基書。省研感那類部見我。成再只調金信油階增住稱將前斷單北轉工。年意件親嚴工過員其。領最親志指設查織真務保影。備六效放代段勞商原較點證少候。以青與保備選需真體前北連。記計照內產而眾复調幾任王農同據個兩按群光車治府觀。眼律能器命近展究使狀子生高色路要。具使火省況員般市半氣起算內同屬的百見次派須政。受都時過現處入器氣參傳想快。江你麼律後造因列無常極因半。'),
(93, '期出美術館', 22, 2, '路系本全將直學這戰設農六幹增科不光書商寫。維節裡子斷辦題我話青分。層算照後建群導代熱今型高手聽。', '品東消角代提世決結月院礦見了。選或問些設克通增車已住你組東所內爭歷就觀採以花節。傳面增術外據於國時主做指積長。原越標效場中戰裡並林水只歷她線重。屬極志話頭一圓或接本基很。國動體制成縣白等三連我決八府細入且。好圖自保部各裝眼看命越什使四。展車利它從百子常先論織。三資由數轉律正濟此取往年。其接親飛可整布者流大飛列報除作海導計常重持通沒度日回中積層。七直把壓驗個義廣目造資信裡與已。反九每離受道世收建報消小子。二戰加該圖規受嚴織深提論號要專強是性戰新。歷場下他酸此系因鬥世驗情新。', '程帶存你置往外半議長裡改嚴團六革法養引經。將員團要種目紅團三料。住革手得好革層布壓採光構和其書把之。局離少卻教往圓克聯稱求用稱而集自。維子論廠有米基標己列受就行布打提清。形和相便屬成山治目統想解我程見七做需深。地世放要感江改價程府傳志養手。強大質調細完動取建府日利住紅器思半。進適幾後你感力如眾變花達青。議解意省這七節準重義候三。之王住驗整技速市要思軍情樣任路觀。百選電說全華邊生濟二族所小為合內極。', '而消個住聽準看卻邊非導這天建。商示業習海其之廣布便因程滿傳強次。元戰院兩論華金此例東高千眾主專下意。統合反道青華特民引花名才轉步節任包區程反做。千研立速先溫料复意最題熱沒規稱氣角完。平第基就包識從是表容適制都。非會稱總斷山通那民線頭志得更。社支況力最而萬價參節角。因有相林代入氣命美類積家所易和以運關。本海片當形風八種。生往石是區委員黨情整市熱習次情。具重開消它構志接基確能連把。包內鐵口七證因聯火除思變節入裝取入建克。國面布週是安幹易格東系給好組。礦格圓都深習濟結。'),
(94, '車切美術館', 14, 2, '心爭天利約正據電那它律國傳市史置。意群拉石資採組何價二除等拉圓特。究標率克才前對。', '史西問業國隊術數狀支制定。論多如群日青二世林需生提世節要聲你驗之裝打。度或提只存義新八表史構打清低區員例計各包。軍心法勞基住北論更精。研理內始許層稱清包算金熱屬立國器。需也屬北道因變公階工特象鐵變改。科麼只親裝爭專因中什叫越你存專往現成樣。命活積路子新海性白見家林拉思出任天老半完。組內數身太裡使大事觀斷結經思果機。選事軍車本地用米礦稱裡較眾六義青最展階開。基是半例著志六導民東花麼時越增。聲卻具從種成有能持應完萬你成圖價研須活書道根種。', '越老物始車年是基。求性反己件張部已沒門十並社米專規當活前情克用。達史東五從被入現才有非機。勞別況三員情京積越少及。東王區各親機建志制調隊列即一自素包新。達斷指市度主極很見屬著界他採起無石政紅。青置位現話工場斯作可。術即主參真時是和廣情研。越由長位切相百圖六很解度員入。毛取問連引直果結水量可須候產定說算代用。高級品外多料特。子低最爭可數三成議象參她。真技習辦最採九親回些安者卻極。', '聲開根新維裡後上強老什我社去下求增查青面八。生老地效消東聽上車說利金定去必米位的重路。命复制情著光積往地民與須。維期使飛型本南們來月達下此據眾集由化維正。馬她土九叫關次民重制術卻花規書。分近之容體世家表正布候便際特相中戰下改決。產農量查分無期裡即級壓稱又片。效由表象毛養嚴造天了治照深兩。日毛裝確布習二何段如省屬問感麼號。華話著打因日列土身就不。支通斯能現要打海自運後或整結體任提。新速府氣華自原礦意。'),
(95, '己必美術館', 12, 1, '新意工林眼他法應完群。深務什北步位切支支導軍特什我太求重質。以為任則離科你者到層結形少強解處已。', '變事商史議复非定線東格系資南北明整。如中經來認你比千華溫親結實白說。無數流形素同七合年際東話對自是出回是團。制轉列已國化生族運黨更受回形月共間任。機寫被效才低七之共張期。號住通然油新氣機氣馬色確。張式現頭此電種爭該段。傳王程素設同且路。又對感據步沒進象熱等南复因京調毛。路新六大放規集影但思構因式色反意內色易變。進發光走持性邊分能飛再通。律主行熱會並按委廣拉業江是育消除低照氣最員科。省接等毛局權照兒後示術九合先今馬。屬條東次目統學證加飛統車什效放可越黨量四。', '證深會法從兒辦黨戰去府名溫六法花北片二統工民看場。問況勞戰效很我重鬥們眾則使加除細前。根位是作片們書片外按派科眼交題領質。只生議產風片滿放。利熱天些法親自主較少手物月中無。自美我究會手務聲礦學規。系運型除南歷從自邊斯油其公。書一頭市技向確十料我長反。或加增低影同狀特受非東因。並說定幹派做率六何更級平段公重主次用天。個持不並中變院复油廠色則。效少專院活由數空並題放率。之或提採學山年。清段工手場素群四動支口住。滿兒多議史老式西劃。明領生見際西鬥國稱紅象爭置平。', '作麼採較王百回織接如商系響說建派必科容裝千。元幾層比定縣應備上近響白就高義制她京好看。產屬物設群設經提值到話具聲影家。歷毛直六品離思照二嚴議車導嚴自鐵。飛油紅八持革還王面調會沒林。近識地界型象展難所南千共京起極之。關色整出發向复區及住特選中目。其看群親據文第眾織展金至同工以東組制只四格任。白空十就來的而體標五業號那議知路最觀。細理少然象王軍改四卻較難。文向員長府山約業農發五會就親己色被西老。與先法程溫口天術速農。沒复更即斯器是消邊過問世裡它國主戰該精著許。'),
(96, '公量美術館', 22, 5, '酸段解白商發家市或米題。代圖音把化區近格花類證同聯成認想第準。熱同選叫頭革參花制多深結入。', '上們況著近展打團傳形寫般了每據響頭。百精入內現後這連為也圓動低及治運北。必料義場聽就開至意。相情工因國小則細指道層這但車構市上於段管一。完採領說萬七法院安加問法受。稱號斯溫出史習國研時效百究就完具面方管。前著格新青書聲何辦容專即。市廣圖斷院之公壓黨北交參再完就直交身後合。布根歷號則關命感主場兒心因示。華王如西段是象引性容容開世時速年。大速管再觀素本機打細戰我交。精聯們張勞立律示例邊。得勞治同白說常決支較海王。濟交命織親類看張該水設比準先通。', '意聲上聯府權复觀壓與整把解件響機。嚴集置制京難書海常南權包合。除二實統總青政感會較面等區到稱與濟切流交使。步界花京頭保局般廠院過該進金青水劃。式查南體過火得體觀因種廠直離眾斯溫約會反。北已證沒速社三通名知為號子。個採農深沒生意高基個更八。存在證該毛第影建叫從己示邊上料水治省變。資理江細大取目打查區清月紅進更驗重濟立時。這起京及基適學情。些識裝經便成油者計西應平據在採定己第。沒把安每金用場增更地參觀育們辦發細義立流。者及的置為整任觀第生細大先。今構才劃完者離回切法。', '黨表可眾活需切群行業青指月兩。算後話活農表習特當油任邊驗置自。資那意者三值展出到號關都次便情直段按。們法七工到清熱易千空也氣幹律準題理比。度運馬用感回軍手成給據次一建戰單空林集再使聽命效。十來起才組認安工土很每看北利同期應術改。話兒格該關量斯個卻交天交。美最小火辦學又張龍很設團風則先引了。帶決學交管對住它素作志真要子拉當無品它張。更細化質華日王與非切轉火使層勞。期社值多開先分邊代土色體海說歷他狀頭。較習黨律較下嚴長布米列近聯事過。省導外始交性日點圓北開對些列。基原化明內集戰條機多放速府。'),
(97, '或當美術館', 7, 5, '報劃已聯別等步車除百取千廣半合達金。歷最領深務克議證導叫具滿。據須米務處離難低以知。', '狀你總戰價米點成種。頭土商價和第劃土天價史。高品斯格此她六論組專事程性。確受年相備達般階滿。來張選信還產美於石類方發。歷取安三道效著作每事把毛部然戰間只查。時溫共低氣團新受處越術兩類地統低術半。明幹科統市質並響資低萬江先改平值它向革根自就張。精調勞設特想際情候者市段果重必意品可持。用物產事報長內現生五戰商級。但九志性須週即如她農術構十報下命團。該確公口則稱術志上於解常立持。才山打該向器週只著頭強並可圖。', '識音機水運術隊便就律內向者政離命方了老調極進。青溫方引段才鐵革車後火方準鐵式再候。沒作路電些列根山知把則圓表度整更院代其老。五老小再了如華養深日戰二海已。民濟空日則家進準識快經位縣資階傳認動話。七經問且二每邊拉養方派一報勞強了幹產起路。京知照形話面確包濟已率期即。會最當象場先名在圓派個做。辦西放說象切立質至放書機。長分方教指因和原小是心清育認中格最府體根。約後問樣養再觀相華確劃幾九查個深們根复。', '文最細卻及复化權所理。適同人指研品華手相業同議已民生極派紅具性复養。教相院中傳毛光片毛半無習。規按身變院會感集分無為相入真。基術流段作低馬聯切果口通龍習制。做快團長辦廣必何青常據熱六。龍但了作應土處全特機都共裝天革算識保八確。政行易頭我你活資聽六這爭。音濟一論命片種米各方書克水目響對溫集。示人史叫內第史使準果生被指拉七學。六而決多廣容熱計問約求。利民熱象想辦識動常。傳生裝外律通布今車社先濟加。志重再心按律週學國步家好證達。個礦社與資適常只化走要計她社。'),
(98, '風事美術館', 15, 3, '記酸用工度間記屬容何照老濟權間議從音象整。機樣為候全省構則千同區分定整速據專農管。', '子門第程二放風由構保委求著說深地。般處族接看示況行報圓連樣何龍真什人少多質將。五受組文重小老同離化程次其理調。過格北國壓包熱辦切話群嚴務張響屬東算新石接過。提易今格張幾能百取張溫別嚴算林反資無片革圖飛斯員。基爭別必證現十書研京口加方。裡出氣南正常經應劃鬥動力活約裝報把究指。鐵方辦感省展才兩或教集常心被說。總馬消毛飛手音拉場去而行把品況響革性看火。但東適位統總結公重性勞場每從。拉會商毛該七道當一。代團以圖設提然熱方真務達電選麼下以件層委兒接帶養將口保低。', '始義各紅置萬日領個比大解過去其決包寫熱。他克後礦難極備照稱引紅路質所圓。業史週小政聯期說今問示備際確隊。制用世多世共空等立來小何日越相報格農眾府口好變。群圓黨題集幾養生論廣八邊委組。但不國件比國氣半於造強並和題。團則識越紅日再半最於始十段效打。黨文不幾識求化始作給號將裝方用類兒提七決。離需何族教價相更品聲政。聲一步須縣原米壓類。便你好具比心從拉織口候物安時。總通極指且制機革增華際報回高。志人八心氣書世交效著對十成線照今廠。复持收國者根們深多公式象新土。', '線省號复身響寫而精真部京價至準形育政難史實體切次說前。濟算值養何引家沒應音近即入使於平全。成連少對條後性太空是別原業親。油織變高決作確運而民強空不辦光華复。百對傳裡於己放口精會中三週只使聲權。的區之與基很特它車集光火。化法會色養取就品學率始則個低全收。住只務交具裝離來裝書位北影般半。其規易中鐵都土六火證布新合決積法基軍。備氣位海查馬歷些花化求際本參兒群量它電果。'),
(99, '教者美術館', 9, 3, '教軍使後馬就團重處完改影許路全造志。也開長會物際直計流華農。去格知四張著戰小思週近放些教照何。', '制布而才達那角本受義可極傳三爭著支飛平鬥心者們率機音農況。始專地些東科建第住她象能名此保大對生但色。從程治青易從交提紅種。往濟參並音單保會們通術容。共表結值風麼公入。象嚴對般紅北稱線週消什也。音質導主中你料拉程個什感府交公飛近很業。立天育就教自通很資始電一單路很熱體週百單習。效結決飛斯據溫米證。該節圖專群理重立總包等地必江到進安上求格。沒或式的常天及象轉己管林五法象設金性。', '土般北根樣打劃指交除。复應但精家改到影很化管共所行眾委素再。軍眾交親調認體他复本得難造任。個得集大到九真位些引產在或存低形。對南系代行員歷省了所應學复新土入再想始我表號內標。量步水老般應保及將青價增式心很方。必她決任作產研二統爭直治約屬兩。那週強性分器經斯來圖層華把礦。子名學聲十義石水許派就你資全立切連價素子放。式眼同週識代傳團軍路軍。力劃天感海嚴和裡口軍計般。門縣劃育應水斷你三被高活還聯志接究來。值及查體種調礦性外才過廠通知情。', '軍規飛日列聽候定國部離管於該文管白由把消。易交採理空省金機列物該總知真才十交。接安接及因格委老。者前數水來量織教運總內裝兩壓問在速無場同相走。酸農流集義非科按。世如進壓省格即元革計團山聲準解。便民體會鬥量鐵須住親近裡無人設上根土保。叫半白如小化算收空業眾和石想面。意技後土算些步二養體技社火計於正流此。身斷必己報群進等子這們外根出打正文口在動。性他親交計相越節大小下生更。機由布狀示理同可需十。上量使府改導接值江方議日導科。'),
(100, '收由美術館', 1, 2, '論非內觀識空單世生收運特況查車叫。九面理叫容候學相圖口明學半時育裡。', '白當育社花學或色團由義完放斯。前商極區情年提米選工。進增美嚴那器大層計適識保越市本。進論素正影長織每帶。空平難值戰區七開。流題議稱幹才聯自科圖安真育何極容合六意並流列解复。與下器親是極須今構置石道想使四思專复後。約速你可界見通聽容往外觀萬信目區手。作眼求美需手幹建老明運明史細那金件然和人。反議易給書思嚴列圖音五路第廠為議看。省便親治便壓戰花確存場連大則需自增定廠及。包住米月萬如長構力受斯非列間響。', '五受九委花門劃便較生便感戰步省信非料才王並號性紅部。每毛圖變近調報增將領權山日更安調月局根萬。龍明引特才產近寫論很取量這。前運下然高紅線果一屬想展立史林關特溫。定月少持層聽白志期次。帶再帶須美後音分提兩導。線階發引是格院所使院金系那群酸為又積被。按九多己權礦維低加之約過嚴精現例。無東住算價寫包達話相兩月安西度時要派規非油格。況育手直樣過華眾報紅中報。', '勞生往長達準革思革重和外。三變好色小集第紅兩青得此不酸教切率多。日在全時場況件管近圓無。集行看較正容知法過油打往容為增馬路教適著。院且二東面收新然權線眼見須記產總。權海土放馬體算生起變萬教色。格消什規標率比角七得專已。特子打識說進壓題生派開究包圖電五。展其住格山府部據性廠色信式。片很個進聲約中參門江礦民易放養也著影什達王按易。需後上她證西太思具但週眾花越從表那感期。親麼屬寫管她利狀道明線局許圖圓建。通圖或革提著非共每風被府濟正格。'),
(101, '委部美術館', 6, 4, '素且要看整思科金院準叫最低八設近數況月。管和並時加資還指極分辦先。', '構始得件實無寫層族派始江以證眼。階認技之狀農熱結事合好地別許電做級化。觀開聯區火引派五重他消。定月法後這光按部音規事商標十廠月統。花工很知王本次立度算認卻產新量給。小觀卻社身思見量那記馬。圓斯回只書到委律積條民自天片該離同運回。結已花眾量礦示親調。制觀帶風酸定重知你至積前化院間半。命就屬比利主查收好命劃心戰情院史感省。接期即成長拉此起你眼消際任從重和張週於有。在維領二級飛布備系至眾及局員。今至式術集民立並究與農名運。給務九素性引行影易需非音元角八十應四長三北才求看。', '府更定劃金非務會理參具。樣速資軍問度都調務樣程員高義影好需。風保權時壓確形相家王然好選則轉團。強將業值較好身生寫同律個共將前本新百來。市細心格七始革馬派到布將東團備。群類收礦法求業酸或華。新們口質高江兩想工走勞重質中家層因命行廠。切為派石影沒切傳為心好時三者回一保近果識。少西高代都海種第必。知及聽壓階界種具用毛則月治劃能。連市建思黨幹運更。歷先今文黨算號圖驗命學度黨條器七麼別思查。', '當狀子設階生溫易。海類認至做了好例類表值每口白維在。勞團聲七口鐵日交去基北身列構週除接北至部鬥。更公次具然寫使到定軍能受精元劃快文線低生。究廣農縣則人強質專同農難。音克度節場石活色條社話飛位月權。階米能社影路中華兩無使老東反需。風省整來研物都容便外書證她酸門空局原作權生治。紅上信都階通石連那了及議自派。傳場員決我組口變著走光正。為或布領法位響並加書紅知極養。電細況的務資織華三麼切得況少示子量持治平流。細院般總門物此示龍極但格加此。級改出改住身利即府品各兩。己結低道較八公整山就設先術爭研。'),
(102, '提科美術館', 16, 1, '需產飛維思但還果不毛其。引學究從規求觀科歷她何義兒離同手。史質布克結始切給三會月著值美結。', '算定光分可經帶帶鬥引二眼與機單際。共於半狀報辦織志天只華溫系只多可反式想往選。增系及研計員適動复王兩什再屬後交聲格格斷無。型報層際再拉年率是幾飛軍新狀習見命被寫較個王問米然。然動備數她極物相市期單號明。動每始日等青傳聲音自。於改在位與白毛土建是快往受圓劃隊週教常兩對。中族行們米速心毛備會兒礦整物給表許熱己七每白南育。群消身一紅可非起長農二好觀體拉指斯。來記改走寫明油等指先書向得花織容龍直兩。', '何器南計進拉斷親展隊證能人樣置直。裡說較各前比深值記北廣從。之長代我率品林根時給做設。非帶東幾叫則影具記條反色壓率驗。非天電場規識導你眾風導到眾萬基。放聽接油按聲放子況眼兩越長例鐵性和農等手。力此院小情裡約片教構是沒群先同什。眼把月文親治可氣細高角存林毛。始活風林增式只期爭識那他稱合复必。或東增論專產基聯轉而內規工化嚴世值義車。從五力備點命產天存。處管至度求府提非。影打白養得運果幾直至。縣重段油每七想之活素基路感西快麼。族運共度產做入斷可任改式形花外場。', '龍裡在際可院結斷頭學定正得辦經比聽。系界算見驗志查度萬。置表了白養革完他般放勞準須第於事算組軍結复並上她日。系礦取有增地採流且麼頭明市。沒很多國樣起須地後學格海東七織商油意除頭局建過。求打好入最學值例那近以被後二須交整記。比車光深認住效了我斯育斯江從政記鬥見作火設管。礦完各業採起響風兒作存毛但形證海證。斯發實到真步者於個隊。社題圓壓國並格都統低自水及算方將眾深身。沒先達活平今方南道比大會。物石期滿在存極入因只候消直決。許過離開親條離上角式規世週團義邊。你具名傳口條馬心麼音認九改層低高機安格團。'),
(105, 'sds', 2, 4, 'sds', 'sd', 'ssd', 'sd'),
(106, '123美術館', 5, 3, '<p>s</p>', '<p>s</p>', '<p>s</p>', '<p>s</p>'),
(120, '45美術館', 8, 2, '<p>fdf</p>', '<p>dfd</p>', '<p>dfd</p>', '<p>df</p>'),
(125, '11234', 3, 3, '<p>df</p>', '<p>df</p>', '<p>df</p>', '<p>df</p>'),
(126, '台北美術館', 2, 2, '<p>研究出版、展覽呈現、典藏管理、教育學習、行銷推廣</p>', '<p>臺北市政府為因應市民生活品質需要與文化藝術水準之提昇，於民國六十七年奉准在本市中山北路三段中山二號公園預定地興建美術館，由高而潘建築師事務所負責設計監造，七十二年元月完工，並於同年十二月二十四日正式落成開館，開啟了為市民服務之使命。臺北市立美術館建築本體宏偉而獨特，矗立於花博公園美術園區內，創造出建築藝術與自然庭園環境相結合之自然景觀，其除了講求結構機能合理呈現外，更注重內部設施與維護。建築物大廳高約十五米，為三層樓挑高，以懸臂飛廊之形式，採「井」字形結體，將傳統建築元素之斗拱堆砌為主體架構，意在以美術館為文化活水之泉源。四周牆面設計使用整片玻璃採光，中樞內庭承接自然光源，光影隨時間移動而變化，顯現出自然生動之特質。各樓層對稱突出且挑高懸空之展覽室，建立耳目一新之觀賞藝術品空間，其向外大型觀景窗又可遠眺環視圓山周遭景物，左側臨中山北路向有國道之稱，歷年來為各國元首訪台必經之路；美術館興建於此，參觀民眾往來轉乘捷運或搭乘公車等交通工具均非常便捷，美術館充分具備了地利與人和之優質場域。</p>', '<p>各級政府機關構或藝文相關團體舉辦美術相關活動，向本館申請預約並經核准者，於本館佈展期間、館慶活動、美術節、國際博物館日或其他與美術活動相關之特殊節日，本館得公告免票參觀。</p>', '<p>展場內請勿攜帶食物、飲料、雨傘。</p>');

-- --------------------------------------------------------

--
-- 資料表結構 `museum_price`
--

CREATE TABLE `museum_price` (
  `Museum_ticket_id` int NOT NULL,
  `Museum_id` int NOT NULL,
  `Museum_price_kind` varchar(10) CHARACTER SET utf8 COLLATE utf8_general_ci DEFAULT NULL,
  `Museum_ticket_price` int DEFAULT NULL
) ENGINE=InnoDB DEFAULT CHARSET=utf8mb3;

--
-- 傾印資料表的資料 `museum_price`
--

INSERT INTO `museum_price` (`Museum_ticket_id`, `Museum_id`, `Museum_price_kind`, `Museum_ticket_price`) VALUES
(22, 10, '1', 12),
(23, 15, '13', 15),
(24, 68, '10', 12),
(25, 10, '1', 12),
(26, 5, '1', 12),
(27, 10, '2', 12),
(28, 17, '3', 15),
(30, 1, '3', 3),
(32, 1, '半票', 20),
(33, 1, '半票', 100),
(34, 5, '學生票', 50),
(35, 1, '50', 50),
(36, 1, '90', 60),
(37, 1, '1', 12),
(38, 1, '全票', 100),
(39, 1, '15', 10),
(40, 1, '50', 56),
(42, 5, '1', 151),
(43, 5, '2', 30),
(44, 5, '4', 30),
(46, 1, '39', 50),
(47, 1, '20', 20),
(48, 1, '30', 30),
(49, 1, '50', 40),
(50, 1, '60', 70),
(51, 1, '80', 90),
(52, 1, '14', 15),
(56, 125, 'cv', 123),
(58, 126, '優待票', 15),
(59, 126, '市民票', 15);

-- --------------------------------------------------------

--
-- 資料表結構 `products_booking`
--

CREATE TABLE `products_booking` (
  `id` int NOT NULL,
  `title` varchar(30) NOT NULL,
  `price` int NOT NULL,
  `quantity` int NOT NULL,
  `total` int NOT NULL
) ENGINE=InnoDB DEFAULT CHARSET=utf8mb3;

-- --------------------------------------------------------

--
-- 資料表結構 `products_browse`
--

CREATE TABLE `products_browse` (
  `created_time` timestamp NULL DEFAULT NULL,
  `id` int DEFAULT NULL,
  `browse_product_id` int DEFAULT NULL
) ENGINE=InnoDB DEFAULT CHARSET=utf8mb3;

-- --------------------------------------------------------

--
-- 資料表結構 `products_discount_photos`
--

CREATE TABLE `products_discount_photos` (
  `discount_photo_id` int NOT NULL,
  `discount_photo_name` varchar(255) NOT NULL,
  `discount_photos_url` varchar(50) CHARACTER SET utf8 COLLATE utf8_general_ci DEFAULT NULL
) ENGINE=InnoDB DEFAULT CHARSET=utf8mb3;

--
-- 傾印資料表的資料 `products_discount_photos`
--

INSERT INTO `products_discount_photos` (`discount_photo_id`, `discount_photo_name`, `discount_photos_url`) VALUES
(3, 'discount_test3.1', 'c7b09cc84af3de08ed564b02b169122c124b1e03.jpg'),
(4, 'discount_test4', 'f8b1b49ef0d477aa8a6e4c1c49b0fabc594587ea.jpg'),
(5, 'discount_test5', 'aa6fa7f01655bbf931e69e10da5e546c0840c8e8.jpg'),
(6, '免運費', '595d25fe068c1b1b1b16a19e6ddaf9056518e96d.jpg'),
(7, '打八折', 'de63acadcab6308a369752b1ab9726dc3fb20122.jpg'),
(8, '999', '3f104e06a83fd32193b252f1365f7b56e7a2e44b.png'),
(9, '雙11不收運費', '1a7395fcb34d936f783863ec817a912b8ba9ccba.jpg');

-- --------------------------------------------------------

--
-- 資料表結構 `products_sale`
--

CREATE TABLE `products_sale` (
  `product_id` int NOT NULL,
  `product_category` varchar(6) DEFAULT NULL,
  `product_location` varchar(15) DEFAULT NULL,
  `product_user_id` int DEFAULT NULL,
  `product_name` varchar(25) CHARACTER SET utf8 COLLATE utf8_general_ci DEFAULT NULL,
  `product_intro` varchar(60) DEFAULT NULL,
  `product_orign_price` int NOT NULL,
  `product_price` int DEFAULT NULL,
  `product_store_quantity` int DEFAULT NULL,
  `product_main` varchar(100) DEFAULT NULL,
  `product_more_info` varchar(150) DEFAULT NULL,
  `product_size` varchar(80) DEFAULT NULL
) ENGINE=InnoDB DEFAULT CHARSET=utf8mb3;

--
-- 傾印資料表的資料 `products_sale`
--

INSERT INTO `products_sale` (`product_id`, `product_category`, `product_location`, `product_user_id`, `product_name`, `product_intro`, `product_orign_price`, `product_price`, `product_store_quantity`, `product_main`, `product_more_info`, `product_size`) VALUES
(6, '書', '故宮', NULL, '翠玉白菜特輯', '翠玉白菜為故宮鎮店之寶其一', 150, 120, 3, '123456789', '987654321', '5x5cm'),
(8, '書', '故宮', NULL, '翠玉白菜特輯', '翠玉白菜為故宮鎮店之寶其一', 150, 120, 3, '123456789', '987654321', '5x5cm'),
(9, 'book', 'kao', NULL, 'books', '123456', 150, 100, 20, '7897977978', '45864654654654546', '10x10cm'),
(10, 'book', 'kao', NULL, 'books', '123456', 150, 100, 20, '7897977978', '45864654654654546', '10x10cm'),
(11, '畫', '高雄美術館', NULL, '浪淘', '海浪', 500, 200, 10, '波濤洶湧的海浪', '一位日本畫家所繪', '10x5x0.3cm'),
(12, '浮世繪畫', '高雄美術館', NULL, '高雄總圖夜景(浮世繪)', '高雄總圖綠建築夜景(浮世繪畫風)', 280, 200, 2, '由知名網路繪家採用浮世繪畫風將高雄總圖夜晚美景描繪在彩筆之下', '高雄總圖評選為世界綠建築由綠色建築大師巴布所設計', '15x4x0.2cm'),
(13, '浮世繪畫', '高雄美術館', NULL, '高雄總圖夜景(浮世繪)_test2', '高雄總圖綠建築夜景(浮世繪畫風)_test2', 280, 200, 3, 'test', 'test', 'test_2'),
(16, 'ghfghf', 'dsfds', NULL, 'dfgfdg', 'dgfgdf', 456, 123, 20, 'dfgdgf', 'dfgdf', 'dgfdgf'),
(17, 'ere', 'erer', NULL, 'hjhjh', 'hj', 123, 123, 123, 'hjhjh', 'jhjhj', 'hjhjh'),
(18, '123', '123', NULL, '123546', '1213', 1123, 1231, 123, '1231', '1231', '12312');

-- --------------------------------------------------------

--
-- 資料表結構 `products_sale_photo`
--

CREATE TABLE `products_sale_photo` (
  `sale_photo_id` int NOT NULL,
  `product_sale_id` int NOT NULL,
  `sale_photo_name` varchar(255) CHARACTER SET utf8 COLLATE utf8_general_ci DEFAULT NULL,
  `sale_photo_url` varchar(255) CHARACTER SET utf8 COLLATE utf8_general_ci NOT NULL
) ENGINE=InnoDB DEFAULT CHARSET=utf8mb3;

--
-- 傾印資料表的資料 `products_sale_photo`
--

INSERT INTO `products_sale_photo` (`sale_photo_id`, `product_sale_id`, `sale_photo_name`, `sale_photo_url`) VALUES
(1, 6, '高雄總圖美景', '76f30c2ae1a66b716ed4c02498aa7b1598a9745f.jpg'),
(3, 6, '高雄總圖美景2', '81a79dc2a192f740b9dde93258bdb08ba9085cbb.jpg'),
(4, 6, '鋼鐵人', 'bbf03bbb394a1e1fe9da66f541cc6c54350dfd3a.jpg'),
(5, 6, '高雄總圖美景4', 'c30bfda44fbee3e82886b8faea123259facd75b0.png'),
(6, 6, 'salephoto_test1', '78e1fb77d19d8d4ace8c0fbc2d9dbe4c1b27601d.jpg'),
(7, 12, '高雄總圖美景(浮世繪畫風)', '06899879eeeb1aeffcdf79eeda79b3de84803757.jpg'),
(9, 12, NULL, '2ed651614da31424cdff67f9646096d9dbeebb53.jpg'),
(10, 18, NULL, 'f6ba8fe292186c32ef067b7335a92dded4d9997c.jpg');

-- --------------------------------------------------------

--
-- 資料表結構 `users`
--

CREATE TABLE `users` (
  `id` int NOT NULL,
  `username` varchar(255) NOT NULL,
  `password` varchar(255) CHARACTER SET utf8 COLLATE utf8_general_ci NOT NULL,
  `email` varchar(255) NOT NULL,
  `name` varchar(255) DEFAULT NULL,
  `mobile` varchar(255) DEFAULT NULL,
  `address` varchar(255) DEFAULT NULL,
  `nickname` varchar(255) DEFAULT NULL,
  `avatar` varchar(255) DEFAULT NULL,
  `birthday` date DEFAULT NULL,
  `gender` int DEFAULT NULL,
  `created_at` datetime NOT NULL
) ENGINE=InnoDB DEFAULT CHARSET=utf8mb3;

--
-- 傾印資料表的資料 `users`
--

INSERT INTO `users` (`id`, `username`, `password`, `email`, `name`, `mobile`, `address`, `nickname`, `avatar`, `birthday`, `gender`, `created_at`) VALUES
(1, 'alice0109', 'AAAaaa111+++', 'alice@gamil.com', '王小雅', '0926558128', '台北市內湖區江南街98號', '雅雅', '515696738942e928c85737af94d76a7c3bbde3a6.jpg', '1999-01-09', 1, '2020-04-06 16:31:02'),
(2, 'linlin5400', 'ber11125A-', 'bernice_lin@gamil.com', '林宣', '0919057098', '台北市南港區興東街7號', '小兔', '7960c8274ca6ad9ec482a3bdeef7a0d621c506d5.jpg', '1875-01-09', 1, '2021-07-10 18:01:02'),
(3, 'littlejoe33', 'Pass_2233', 'joe_33@gmail.com', '黃兆元', '0932855763', '台北市信義區永吉路30巷123號', 'littleJoe', 'f0d65d73903d5824372a8f576d9f72bd6023f1a7.jpg', '2012-05-05', 2, '2022-03-03 00:14:30'),
(4, 'toyzzz22', 'Abc123+', 'toyzzz22@gmail.com', '李俊傑', '0932283859', '高雄市前金區成功一路455之1號', 'ballz', '1367719f1dd55c874e6d7d2cad3b2cb4c42a4d7f.jpg', '1983-01-01', 2, '2022-03-14 09:32:13'),
(5, 'FRFR5588', 'bbC_58', 'fr_5588@gmail.com', '廖于廷', '0919057085', '台南市安南區淵東里安中路三段360號1樓', '玖仈', '', '1995-04-14', 2, '2022-03-14 10:26:10'),
(6, 'jeffliu', 'lol_LOL00', 'jeff_liu@gmail.com', '陳浩文', '0912052012', '台東縣台東市中華路一段372號', '阿原', '29c13466ee9fe261c408859487a43dbc9b06577e.jpg', '1974-06-12', 0, '2022-03-14 10:30:54'),
(7, 'toyzzz88', 'bbC_5777', '22@gmail.com', '黃怡', '0975997685', '台東縣台東市建興里知本路四段2號', '', '111372b84a6023cd130f29238f3d73344e297c3f.jpg', '2022-03-25', 0, '2022-03-14 10:32:23'),
(8, 'jennywang1999', 'Je3+nny3aoa', 'jennywang1999@yahoo.com.tw', '王甄妮', '0956789755', '南投縣草屯鎮太平路一段221號', 'AOA', 'ef095252e417229f08a6aafaac7dfd7d6a03a6f7.jpg', '1969-12-31', 1, '2022-03-14 14:02:30'),
(9, 'wwcatieww', 'kldfv5+A', 'catiewww@hotmail.com', '', '', '', '', '', '2022-03-02', 0, '2022-03-14 16:18:57'),
(10, 'carollee38', 'Vvca+5', 'carollee38@gmail.com', '李淑娟', '0932085856', '', '紅蘿蔔不喜歡兔子', '31a591d3b9df3a731c1414465f0f5820d4ff8a3d.jpg', '2022-03-17', 1, '2022-03-14 16:33:56'),
(11, 'spidermen959', 'ski765A+', 'spidermen959@gmail.com', '', '0956343676', '桃園市楊梅區梅山西街10號', '蜘蛛人', '', '2022-03-17', 2, '2022-03-18 16:04:28'),
(12, 'jason1230301', 'OALsss01~', 'jasonwww@yahoo.com.tw', '黃傑森', '', '', 'Jason', '', '1992-07-18', 0, '2022-03-18 16:06:10'),
(14, 'maxine0509', '~A123JEIFJIOALzzz', 'maxine_0509@gmail.com', '黃子蕊', '0919007893', '宜蘭縣大同鄉南山村泰雅路七段220號', '', '', '1996-06-27', 1, '2022-03-18 17:29:50'),
(15, 'a860505', 'qwertQQ!123456', 'a_860505@hotmail.com', '蕭宏玉', '0912856147', '', 'QQ', '2816923afadb0acbf476533cffe972663584e5b4.jpg', '2009-05-05', 0, '2022-03-21 09:31:42');

--
-- 已傾印資料表的索引
--

--
-- 資料表索引 `activity`
--
ALTER TABLE `activity`
  ADD PRIMARY KEY (`Activity_id`),
  ADD KEY `activity_ibfk_1` (`fk_Activity_Types_id`),
  ADD KEY `activity_ibfk_2` (`fk_Activity_Organizers_id`);

--
-- 資料表索引 `activity_activity_tag`
--
ALTER TABLE `activity_activity_tag`
  ADD KEY `fk_Activity_id` (`fk_Activity_id`),
  ADD KEY `fk_Activity_Tag_id` (`fk_Activity_Tag_id`);

--
-- 資料表索引 `activity_guest`
--
ALTER TABLE `activity_guest`
  ADD PRIMARY KEY (`Activity_Guest_id`),
  ADD KEY `activity_guest_ibfk_1` (`fk_Activity_id`);

--
-- 資料表索引 `activity_guest_activity`
--
ALTER TABLE `activity_guest_activity`
  ADD KEY `fk_Activity_id` (`fk_Activity_id`),
  ADD KEY `fk_Activity_Guest_id` (`fk_Activity_Guest_id`);

--
-- 資料表索引 `activity_like`
--
ALTER TABLE `activity_like`
  ADD KEY `fk_Activity_id` (`fk_Activity_id`),
  ADD KEY `fk_id` (`fk_id`);

--
-- 資料表索引 `activity_organizers`
--
ALTER TABLE `activity_organizers`
  ADD PRIMARY KEY (`Activity_Organizers_id`);

--
-- 資料表索引 `activity_tag`
--
ALTER TABLE `activity_tag`
  ADD PRIMARY KEY (`Activity_Tag_id`);

--
-- 資料表索引 `activity_ticket`
--
ALTER TABLE `activity_ticket`
  ADD PRIMARY KEY (`Activity_ticket_id`),
  ADD KEY `activity_ticket_ibfk_1` (`fk_Activity_id`);

--
-- 資料表索引 `activity_types`
--
ALTER TABLE `activity_types`
  ADD PRIMARY KEY (`Activity_Types_id`);

--
-- 資料表索引 `activity_view`
--
ALTER TABLE `activity_view`
  ADD KEY `fk_Activity_id` (`fk_Activity_id`);

--
-- 資料表索引 `blog_article`
--
ALTER TABLE `blog_article`
  ADD PRIMARY KEY (`article_id`),
  ADD KEY `users_id` (`users_id`),
  ADD KEY `blog_article_ibfk_2` (`category`);

--
-- 資料表索引 `blog_article_like`
--
ALTER TABLE `blog_article_like`
  ADD KEY `user_id` (`user_id`),
  ADD KEY `article_id` (`article_id`);

--
-- 資料表索引 `blog_category`
--
ALTER TABLE `blog_category`
  ADD PRIMARY KEY (`sn`);

--
-- 資料表索引 `blog_comment`
--
ALTER TABLE `blog_comment`
  ADD PRIMARY KEY (`blog_comment_id`),
  ADD KEY `user_id` (`user_id`),
  ADD KEY `article_id` (`article_id`);

--
-- 資料表索引 `blog_comment_like`
--
ALTER TABLE `blog_comment_like`
  ADD KEY `user_id` (`user_id`),
  ADD KEY `article_id` (`article_id`);

--
-- 資料表索引 `blog_images`
--
ALTER TABLE `blog_images`
  ADD PRIMARY KEY (`id`),
  ADD KEY `article_id` (`article_id`);

--
-- 資料表索引 `board_articles`
--
ALTER TABLE `board_articles`
  ADD PRIMARY KEY (`board_aid`),
  ADD KEY `user_id` (`user_id`);

--
-- 資料表索引 `board_article_tag`
--
ALTER TABLE `board_article_tag`
  ADD KEY `article_id` (`article_id`),
  ADD KEY `tag_id` (`tag_id`);

--
-- 資料表索引 `board_comments`
--
ALTER TABLE `board_comments`
  ADD PRIMARY KEY (`board_cid`),
  ADD KEY `user_id` (`user_id`),
  ADD KEY `board_comments_ibfk_2` (`board_article_id`);

--
-- 資料表索引 `board_likes_article`
--
ALTER TABLE `board_likes_article`
  ADD KEY `board_likes_article_ibfk_1` (`user_id`),
  ADD KEY `board_likes_article_ibfk_2` (`article_id`);

--
-- 資料表索引 `board_likes_comment`
--
ALTER TABLE `board_likes_comment`
  ADD KEY `board_likes_comment_ibfk_1` (`user_id`),
  ADD KEY `board_likes_comment_ibfk_2` (`comment_id`);

--
-- 資料表索引 `board_photos`
--
ALTER TABLE `board_photos`
  ADD PRIMARY KEY (`board_pid`),
  ADD KEY `board_photos_ibfk_2` (`board_article_id`);

--
-- 資料表索引 `board_tags`
--
ALTER TABLE `board_tags`
  ADD PRIMARY KEY (`board_tid`);

--
-- 資料表索引 `daily_quote`
--
ALTER TABLE `daily_quote`
  ADD PRIMARY KEY (`id`);

--
-- 資料表索引 `museum_bookings`
--
ALTER TABLE `museum_bookings`
  ADD PRIMARY KEY (`Book_id`),
  ADD KEY `Users_id` (`Users_id`);

--
-- 資料表索引 `museum_bookings_details`
--
ALTER TABLE `museum_bookings_details`
  ADD PRIMARY KEY (`Booking_detail_id`),
  ADD KEY `Book_id` (`Book_id`),
  ADD KEY `museum_ticket_id` (`museum_ticket_id`);

--
-- 資料表索引 `museum_city`
--
ALTER TABLE `museum_city`
  ADD PRIMARY KEY (`Museum_city_id`);

--
-- 資料表索引 `museum_direction`
--
ALTER TABLE `museum_direction`
  ADD PRIMARY KEY (`Museum_direction_id`);

--
-- 資料表索引 `museum_images`
--
ALTER TABLE `museum_images`
  ADD PRIMARY KEY (`image_id`),
  ADD KEY `museum_images_ibfk_1` (`Museum_id`);

--
-- 資料表索引 `museum_kind`
--
ALTER TABLE `museum_kind`
  ADD PRIMARY KEY (`Museum_kind_id`);

--
-- 資料表索引 `museum_likes`
--
ALTER TABLE `museum_likes`
  ADD PRIMARY KEY (`Museum_likes_id`),
  ADD KEY `Museum_id` (`Museum_id`),
  ADD KEY `Users_id` (`Users_id`);

--
-- 資料表索引 `museum_location`
--
ALTER TABLE `museum_location`
  ADD PRIMARY KEY (`Museum_location_id`),
  ADD KEY `Museum_city_id` (`Museum_city_id`),
  ADD KEY `Museum_direction_id` (`Museum_direction_id`);

--
-- 資料表索引 `museum_museum`
--
ALTER TABLE `museum_museum`
  ADD PRIMARY KEY (`Museum_id`),
  ADD UNIQUE KEY `Museum_name` (`Museum_name`),
  ADD KEY `Museum_kind_id` (`Museum_kind_id`),
  ADD KEY `Museum_location_id` (`Museum_location_id`);

--
-- 資料表索引 `museum_price`
--
ALTER TABLE `museum_price`
  ADD PRIMARY KEY (`Museum_ticket_id`),
  ADD KEY `museum_price_ibfk_1` (`Museum_id`);

--
-- 資料表索引 `products_booking`
--
ALTER TABLE `products_booking`
  ADD PRIMARY KEY (`id`);

--
-- 資料表索引 `products_browse`
--
ALTER TABLE `products_browse`
  ADD KEY `id` (`id`),
  ADD KEY `browse_product_id` (`browse_product_id`);

--
-- 資料表索引 `products_discount_photos`
--
ALTER TABLE `products_discount_photos`
  ADD PRIMARY KEY (`discount_photo_id`);

--
-- 資料表索引 `products_sale`
--
ALTER TABLE `products_sale`
  ADD PRIMARY KEY (`product_id`),
  ADD KEY `product_id` (`product_user_id`);

--
-- 資料表索引 `products_sale_photo`
--
ALTER TABLE `products_sale_photo`
  ADD PRIMARY KEY (`sale_photo_id`),
  ADD KEY `product_sale_id` (`product_sale_id`);

--
-- 資料表索引 `users`
--
ALTER TABLE `users`
  ADD PRIMARY KEY (`id`);

--
-- 在傾印的資料表使用自動遞增(AUTO_INCREMENT)
--

--
-- 使用資料表自動遞增(AUTO_INCREMENT) `activity`
--
ALTER TABLE `activity`
  MODIFY `Activity_id` int NOT NULL AUTO_INCREMENT, AUTO_INCREMENT=6;

--
-- 使用資料表自動遞增(AUTO_INCREMENT) `activity_guest`
--
ALTER TABLE `activity_guest`
  MODIFY `Activity_Guest_id` int NOT NULL AUTO_INCREMENT, AUTO_INCREMENT=10;

--
-- 使用資料表自動遞增(AUTO_INCREMENT) `activity_organizers`
--
ALTER TABLE `activity_organizers`
  MODIFY `Activity_Organizers_id` int NOT NULL AUTO_INCREMENT, AUTO_INCREMENT=5;

--
-- 使用資料表自動遞增(AUTO_INCREMENT) `activity_tag`
--
ALTER TABLE `activity_tag`
  MODIFY `Activity_Tag_id` int NOT NULL AUTO_INCREMENT, AUTO_INCREMENT=2;

--
-- 使用資料表自動遞增(AUTO_INCREMENT) `activity_ticket`
--
ALTER TABLE `activity_ticket`
  MODIFY `Activity_ticket_id` int NOT NULL AUTO_INCREMENT, AUTO_INCREMENT=14;

--
-- 使用資料表自動遞增(AUTO_INCREMENT) `activity_types`
--
ALTER TABLE `activity_types`
  MODIFY `Activity_Types_id` int NOT NULL AUTO_INCREMENT, AUTO_INCREMENT=12;

--
-- 使用資料表自動遞增(AUTO_INCREMENT) `blog_article`
--
ALTER TABLE `blog_article`
  MODIFY `article_id` int NOT NULL AUTO_INCREMENT, AUTO_INCREMENT=57;

--
-- 使用資料表自動遞增(AUTO_INCREMENT) `blog_category`
--
ALTER TABLE `blog_category`
  MODIFY `sn` int NOT NULL AUTO_INCREMENT COMMENT '系統分類編號', AUTO_INCREMENT=9;

--
-- 使用資料表自動遞增(AUTO_INCREMENT) `blog_comment`
--
ALTER TABLE `blog_comment`
  MODIFY `blog_comment_id` int NOT NULL AUTO_INCREMENT, AUTO_INCREMENT=9;

--
-- 使用資料表自動遞增(AUTO_INCREMENT) `blog_images`
--
ALTER TABLE `blog_images`
  MODIFY `id` int NOT NULL AUTO_INCREMENT;

--
-- 使用資料表自動遞增(AUTO_INCREMENT) `board_articles`
--
ALTER TABLE `board_articles`
  MODIFY `board_aid` int NOT NULL AUTO_INCREMENT, AUTO_INCREMENT=105;

--
-- 使用資料表自動遞增(AUTO_INCREMENT) `board_comments`
--
ALTER TABLE `board_comments`
  MODIFY `board_cid` int NOT NULL AUTO_INCREMENT, AUTO_INCREMENT=13;

--
-- 使用資料表自動遞增(AUTO_INCREMENT) `board_photos`
--
ALTER TABLE `board_photos`
  MODIFY `board_pid` int NOT NULL AUTO_INCREMENT, AUTO_INCREMENT=9;

--
-- 使用資料表自動遞增(AUTO_INCREMENT) `board_tags`
--
ALTER TABLE `board_tags`
  MODIFY `board_tid` int NOT NULL AUTO_INCREMENT;

--
-- 使用資料表自動遞增(AUTO_INCREMENT) `daily_quote`
--
ALTER TABLE `daily_quote`
  MODIFY `id` int NOT NULL AUTO_INCREMENT;

--
-- 使用資料表自動遞增(AUTO_INCREMENT) `museum_bookings`
--
ALTER TABLE `museum_bookings`
  MODIFY `Book_id` int NOT NULL AUTO_INCREMENT;

--
-- 使用資料表自動遞增(AUTO_INCREMENT) `museum_bookings_details`
--
ALTER TABLE `museum_bookings_details`
  MODIFY `Booking_detail_id` int NOT NULL AUTO_INCREMENT;

--
-- 使用資料表自動遞增(AUTO_INCREMENT) `museum_city`
--
ALTER TABLE `museum_city`
  MODIFY `Museum_city_id` int NOT NULL AUTO_INCREMENT, AUTO_INCREMENT=23;

--
-- 使用資料表自動遞增(AUTO_INCREMENT) `museum_direction`
--
ALTER TABLE `museum_direction`
  MODIFY `Museum_direction_id` int NOT NULL AUTO_INCREMENT, AUTO_INCREMENT=6;

--
-- 使用資料表自動遞增(AUTO_INCREMENT) `museum_images`
--
ALTER TABLE `museum_images`
  MODIFY `image_id` int NOT NULL AUTO_INCREMENT, AUTO_INCREMENT=56;

--
-- 使用資料表自動遞增(AUTO_INCREMENT) `museum_kind`
--
ALTER TABLE `museum_kind`
  MODIFY `Museum_kind_id` int NOT NULL AUTO_INCREMENT, AUTO_INCREMENT=6;

--
-- 使用資料表自動遞增(AUTO_INCREMENT) `museum_likes`
--
ALTER TABLE `museum_likes`
  MODIFY `Museum_likes_id` int NOT NULL AUTO_INCREMENT;

--
-- 使用資料表自動遞增(AUTO_INCREMENT) `museum_location`
--
ALTER TABLE `museum_location`
  MODIFY `Museum_location_id` int NOT NULL AUTO_INCREMENT, AUTO_INCREMENT=23;

--
-- 使用資料表自動遞增(AUTO_INCREMENT) `museum_museum`
--
ALTER TABLE `museum_museum`
  MODIFY `Museum_id` int NOT NULL AUTO_INCREMENT, AUTO_INCREMENT=127;

--
-- 使用資料表自動遞增(AUTO_INCREMENT) `museum_price`
--
ALTER TABLE `museum_price`
  MODIFY `Museum_ticket_id` int NOT NULL AUTO_INCREMENT, AUTO_INCREMENT=60;

--
-- 使用資料表自動遞增(AUTO_INCREMENT) `products_booking`
--
ALTER TABLE `products_booking`
  MODIFY `id` int NOT NULL AUTO_INCREMENT;

--
-- 使用資料表自動遞增(AUTO_INCREMENT) `products_discount_photos`
--
ALTER TABLE `products_discount_photos`
  MODIFY `discount_photo_id` int NOT NULL AUTO_INCREMENT, AUTO_INCREMENT=10;

--
-- 使用資料表自動遞增(AUTO_INCREMENT) `products_sale`
--
ALTER TABLE `products_sale`
  MODIFY `product_id` int NOT NULL AUTO_INCREMENT, AUTO_INCREMENT=20;

--
-- 使用資料表自動遞增(AUTO_INCREMENT) `products_sale_photo`
--
ALTER TABLE `products_sale_photo`
  MODIFY `sale_photo_id` int NOT NULL AUTO_INCREMENT, AUTO_INCREMENT=15;

--
-- 使用資料表自動遞增(AUTO_INCREMENT) `users`
--
ALTER TABLE `users`
  MODIFY `id` int NOT NULL AUTO_INCREMENT, AUTO_INCREMENT=19;

--
-- 已傾印資料表的限制式
--

--
-- 資料表的限制式 `activity`
--
ALTER TABLE `activity`
  ADD CONSTRAINT `activity_ibfk_1` FOREIGN KEY (`fk_Activity_Types_id`) REFERENCES `activity_types` (`Activity_Types_id`) ON DELETE SET NULL ON UPDATE RESTRICT,
  ADD CONSTRAINT `activity_ibfk_2` FOREIGN KEY (`fk_Activity_Organizers_id`) REFERENCES `activity_organizers` (`Activity_Organizers_id`) ON DELETE SET NULL ON UPDATE RESTRICT;

--
-- 資料表的限制式 `activity_activity_tag`
--
ALTER TABLE `activity_activity_tag`
  ADD CONSTRAINT `activity_activity_tag_ibfk_1` FOREIGN KEY (`fk_Activity_id`) REFERENCES `activity` (`Activity_id`),
  ADD CONSTRAINT `activity_activity_tag_ibfk_2` FOREIGN KEY (`fk_Activity_Tag_id`) REFERENCES `activity_tag` (`Activity_Tag_id`);

--
-- 資料表的限制式 `activity_guest`
--
ALTER TABLE `activity_guest`
  ADD CONSTRAINT `activity_guest_ibfk_1` FOREIGN KEY (`fk_Activity_id`) REFERENCES `activity` (`Activity_id`) ON DELETE SET NULL ON UPDATE RESTRICT;

--
-- 資料表的限制式 `activity_guest_activity`
--
ALTER TABLE `activity_guest_activity`
  ADD CONSTRAINT `activity_guest_activity_ibfk_1` FOREIGN KEY (`fk_Activity_id`) REFERENCES `activity` (`Activity_id`),
  ADD CONSTRAINT `activity_guest_activity_ibfk_2` FOREIGN KEY (`fk_Activity_Guest_id`) REFERENCES `activity_guest` (`Activity_Guest_id`);

--
-- 資料表的限制式 `activity_like`
--
ALTER TABLE `activity_like`
  ADD CONSTRAINT `activity_like_ibfk_1` FOREIGN KEY (`fk_Activity_id`) REFERENCES `activity` (`Activity_id`),
  ADD CONSTRAINT `activity_like_ibfk_2` FOREIGN KEY (`fk_id`) REFERENCES `users` (`id`);

--
-- 資料表的限制式 `activity_ticket`
--
ALTER TABLE `activity_ticket`
  ADD CONSTRAINT `activity_ticket_ibfk_1` FOREIGN KEY (`fk_Activity_id`) REFERENCES `activity` (`Activity_id`) ON DELETE CASCADE ON UPDATE RESTRICT;

--
-- 資料表的限制式 `activity_view`
--
ALTER TABLE `activity_view`
  ADD CONSTRAINT `activity_view_ibfk_1` FOREIGN KEY (`fk_Activity_id`) REFERENCES `activity` (`Activity_id`);

--
-- 資料表的限制式 `blog_article`
--
ALTER TABLE `blog_article`
  ADD CONSTRAINT `blog_article_ibfk_1` FOREIGN KEY (`users_id`) REFERENCES `users` (`id`),
  ADD CONSTRAINT `blog_article_ibfk_2` FOREIGN KEY (`category`) REFERENCES `blog_category` (`sn`) ON DELETE SET NULL ON UPDATE RESTRICT;

--
-- 資料表的限制式 `blog_article_like`
--
ALTER TABLE `blog_article_like`
  ADD CONSTRAINT `blog_article_like_ibfk_1` FOREIGN KEY (`user_id`) REFERENCES `users` (`id`),
  ADD CONSTRAINT `blog_article_like_ibfk_2` FOREIGN KEY (`article_id`) REFERENCES `blog_article` (`article_id`);

--
-- 資料表的限制式 `blog_comment`
--
ALTER TABLE `blog_comment`
  ADD CONSTRAINT `blog_comment_ibfk_1` FOREIGN KEY (`user_id`) REFERENCES `users` (`id`),
  ADD CONSTRAINT `blog_comment_ibfk_2` FOREIGN KEY (`article_id`) REFERENCES `blog_article` (`article_id`);

--
-- 資料表的限制式 `blog_comment_like`
--
ALTER TABLE `blog_comment_like`
  ADD CONSTRAINT `blog_comment_like_ibfk_1` FOREIGN KEY (`user_id`) REFERENCES `users` (`id`),
  ADD CONSTRAINT `blog_comment_like_ibfk_2` FOREIGN KEY (`article_id`) REFERENCES `blog_article` (`article_id`);

--
-- 資料表的限制式 `blog_images`
--
ALTER TABLE `blog_images`
  ADD CONSTRAINT `blog_images_ibfk_1` FOREIGN KEY (`article_id`) REFERENCES `blog_article` (`article_id`);

--
-- 資料表的限制式 `board_articles`
--
ALTER TABLE `board_articles`
  ADD CONSTRAINT `board_articles_ibfk_1` FOREIGN KEY (`user_id`) REFERENCES `users` (`id`);

--
-- 資料表的限制式 `board_article_tag`
--
ALTER TABLE `board_article_tag`
  ADD CONSTRAINT `board_article_tag_ibfk_1` FOREIGN KEY (`article_id`) REFERENCES `board_articles` (`board_aid`),
  ADD CONSTRAINT `board_article_tag_ibfk_2` FOREIGN KEY (`tag_id`) REFERENCES `board_tags` (`board_tid`);

--
-- 資料表的限制式 `board_comments`
--
ALTER TABLE `board_comments`
  ADD CONSTRAINT `board_comments_ibfk_1` FOREIGN KEY (`user_id`) REFERENCES `users` (`id`),
  ADD CONSTRAINT `board_comments_ibfk_2` FOREIGN KEY (`board_article_id`) REFERENCES `board_articles` (`board_aid`) ON DELETE CASCADE ON UPDATE RESTRICT;

--
-- 資料表的限制式 `board_likes_article`
--
ALTER TABLE `board_likes_article`
  ADD CONSTRAINT `board_likes_article_ibfk_1` FOREIGN KEY (`user_id`) REFERENCES `users` (`id`) ON DELETE CASCADE ON UPDATE RESTRICT,
  ADD CONSTRAINT `board_likes_article_ibfk_2` FOREIGN KEY (`article_id`) REFERENCES `board_articles` (`board_aid`) ON DELETE CASCADE ON UPDATE RESTRICT;

--
-- 資料表的限制式 `board_likes_comment`
--
ALTER TABLE `board_likes_comment`
  ADD CONSTRAINT `board_likes_comment_ibfk_1` FOREIGN KEY (`user_id`) REFERENCES `users` (`id`) ON DELETE CASCADE ON UPDATE RESTRICT,
  ADD CONSTRAINT `board_likes_comment_ibfk_2` FOREIGN KEY (`comment_id`) REFERENCES `board_comments` (`board_cid`) ON DELETE CASCADE ON UPDATE RESTRICT;

--
-- 資料表的限制式 `board_photos`
--
ALTER TABLE `board_photos`
  ADD CONSTRAINT `board_photos_ibfk_2` FOREIGN KEY (`board_article_id`) REFERENCES `board_articles` (`board_aid`) ON DELETE CASCADE ON UPDATE RESTRICT;

--
-- 資料表的限制式 `museum_bookings`
--
ALTER TABLE `museum_bookings`
  ADD CONSTRAINT `museum_bookings_ibfk_1` FOREIGN KEY (`Users_id`) REFERENCES `users` (`id`);

--
-- 資料表的限制式 `museum_bookings_details`
--
ALTER TABLE `museum_bookings_details`
  ADD CONSTRAINT `museum_bookings_details_ibfk_1` FOREIGN KEY (`Book_id`) REFERENCES `museum_bookings` (`Book_id`),
  ADD CONSTRAINT `museum_bookings_details_ibfk_2` FOREIGN KEY (`museum_ticket_id`) REFERENCES `museum_price` (`Museum_ticket_id`);

--
-- 資料表的限制式 `museum_images`
--
ALTER TABLE `museum_images`
  ADD CONSTRAINT `museum_images_ibfk_1` FOREIGN KEY (`Museum_id`) REFERENCES `museum_museum` (`Museum_id`) ON DELETE CASCADE ON UPDATE RESTRICT;

--
-- 資料表的限制式 `museum_likes`
--
ALTER TABLE `museum_likes`
  ADD CONSTRAINT `museum_likes_ibfk_1` FOREIGN KEY (`Museum_id`) REFERENCES `museum_museum` (`Museum_id`),
  ADD CONSTRAINT `museum_likes_ibfk_2` FOREIGN KEY (`Users_id`) REFERENCES `users` (`id`);

--
-- 資料表的限制式 `museum_location`
--
ALTER TABLE `museum_location`
  ADD CONSTRAINT `museum_location_ibfk_1` FOREIGN KEY (`Museum_city_id`) REFERENCES `museum_city` (`Museum_city_id`),
  ADD CONSTRAINT `museum_location_ibfk_2` FOREIGN KEY (`Museum_direction_id`) REFERENCES `museum_direction` (`Museum_direction_id`);

--
-- 資料表的限制式 `museum_museum`
--
ALTER TABLE `museum_museum`
  ADD CONSTRAINT `museum_museum_ibfk_1` FOREIGN KEY (`Museum_kind_id`) REFERENCES `museum_kind` (`Museum_kind_id`),
  ADD CONSTRAINT `museum_museum_ibfk_2` FOREIGN KEY (`Museum_location_id`) REFERENCES `museum_location` (`Museum_location_id`);

--
-- 資料表的限制式 `museum_price`
--
ALTER TABLE `museum_price`
  ADD CONSTRAINT `museum_price_ibfk_1` FOREIGN KEY (`Museum_id`) REFERENCES `museum_museum` (`Museum_id`) ON DELETE CASCADE ON UPDATE RESTRICT;

--
-- 資料表的限制式 `products_browse`
--
ALTER TABLE `products_browse`
  ADD CONSTRAINT `products_browse_ibfk_1` FOREIGN KEY (`id`) REFERENCES `users` (`id`),
  ADD CONSTRAINT `products_browse_ibfk_2` FOREIGN KEY (`browse_product_id`) REFERENCES `products_sale` (`product_id`);

--
-- 資料表的限制式 `products_sale_photo`
--
ALTER TABLE `products_sale_photo`
  ADD CONSTRAINT `products_sale_photo_ibfk_1` FOREIGN KEY (`product_sale_id`) REFERENCES `products_sale` (`product_id`) ON DELETE CASCADE ON UPDATE RESTRICT;
COMMIT;

/*!40101 SET CHARACTER_SET_CLIENT=@OLD_CHARACTER_SET_CLIENT */;
/*!40101 SET CHARACTER_SET_RESULTS=@OLD_CHARACTER_SET_RESULTS */;
/*!40101 SET COLLATION_CONNECTION=@OLD_COLLATION_CONNECTION */;
